"Name","Compare","Pos","Age","Team","GP","PPG","PPA","PPP","PP SOG","%PP","PPTOI/G","TOI","PPTOI","PPP/60PPMIN","PP IPP"
"CONNOR MCDAVID","","C","25","EDM","80","10","34","44","80","80.5","03:43","22:04","297:52","8.9","81.5"
"LEON DRAISAITL","","L","26","EDM","80","24","17","41","96","83.4","03:50","22:21","306:56","8.0","75.9"
"JONATHAN HUBERDEAU","","L","29","FLA","80","5","33","38","51","72.5","03:41","19:26","295:08","7.7","74.5"
"J.T. MILLER","","C","29","VAN","80","8","30","38","52","68.4","03:19","21:04","264:40","8.6","76"
"VICTOR HEDMAN","","D","31","T.B","82","6","32","38","52","68.8","03:36","25:05","295:16","7.7","74.5"
"ROMAN JOSI","","D","32","NSH","80","11","26","37","63","68.8","03:23","25:33","270:44","8.2","71.2"
"ARTEMI PANARIN","","L","30","NYR","75","5","32","37","45","72.6","02:59","19:13","224:18","9.9","82.2"
"STEVEN STAMKOS","","C","32","T.B","81","16","20","36","104","70.9","03:43","18:29","300:48","7.2","69.2"
"CHRIS KREIDER","","L","31","NYR","81","26","9","35","66","71.1","02:58","18:43","240:14","8.7","67.3"
"MIKKO RANTANEN","","R","25","COL","75","16","19","35","92","72.2","03:54","20:58","292:41","7.2","63.6"
"CALE MAKAR","","D","23","COL","77","9","25","34","56","70.5","03:50","25:40","295:36","6.9","64.2"
"ADAM FOX","","D","24","NYR","78","0","33","33","38","70.7","02:56","23:53","229:12","8.6","70.2"
"TEUVO TERAVAINEN","","L","27","CAR","77","9","22","31","73","64.8","02:57","17:42","226:33","8.2","81.6"
"PATRICK KANE","","R","33","CHI","78","9","22","31","88","76.1","03:47","21:49","295:26","6.3","79.5"
"WILLIAM NYLANDER","","L","26","TOR","81","13","18","31","57","69.5","03:01","18:16","244:33","7.6","62"
"KIRILL KAPRIZOV","","L","25","MIN","81","14","17","31","71","63.5","03:18","19:06","267:58","6.9","77.5"
"QUINN HUGHES","","D","22","VAN","76","0","31","31","46","71.2","03:29","25:15","264:35","7.0","72.1"
"SAM REINHART","","R","26","FLA","78","16","15","31","41","65.5","03:21","17:46","261:20","7.1","62"
"NIKITA KUCHEROV","","R","29","T.B","47","9","21","30","43","74.7","03:54","19:59","183:13","9.8","78.9"
"SIDNEY CROSBY","","C","34","PIT","69","8","22","30","52","71.2","03:20","19:58","230:31","7.8","73.2"
"NAZEM KADRI","","C","31","","71","8","21","29","73","67.4","03:53","19:15","275:08","6.3","56.9"
"ALEX OVECHKIN","","L","36","WSH","77","16","13","29","129","93.6","04:45","20:34","366:02","4.8","65.9"
"AUSTON MATTHEWS","","C","24","TOR","73","16","13","29","76","73.1","03:06","20:37","225:45","7.7","63"
"MATT DUCHENE","","R","31","NSH","78","16","13","29","64","64.2","03:10","19:01","247:10","7.0","59.2"
"MATTHEW TKACHUK","","R","24","CGY","82","12","17","29","73","61.0","02:55","17:54","238:34","7.3","74.4"
"SEBASTIAN AHO","","C","24","CAR","79","13","15","28","50","66.2","02:58","18:57","234:22","7.2","73.7"
"MATS ZUCCARELLO","","R","34","MIN","70","7","21","28","44","61.9","03:06","18:36","217:18","7.7","77.8"
"MIKAEL GRANLUND","","C","30","NSH","80","3","25","28","26","64.1","03:08","20:25","250:21","6.7","56"
"MIKA ZIBANEJAD","","C","29","NYR","81","15","13","28","71","71.7","02:59","19:38","242:14","6.9","54.9"
"ALEX DEBRINCAT","","L","24","OTT","82","14","14","28","62","71.1","03:37","20:51","297:02","5.7","70"
"EVGENY KUZNETSOV","","C","30","WSH","79","8","19","27","68","72.9","03:43","20:17","293:57","5.5","69.2"
"ELIAS PETTERSSON","","C","23","VAN","80","10","17","27","52","65.8","03:14","18:36","258:40","6.3","60"
"TIM STUTZLE","","L","20","OTT","79","7","20","27","48","67.2","03:15","18:25","257:15","6.3","71.1"
"KYLE CONNOR","","L","25","WPG","79","8","19","27","76","69.0","03:24","21:47","268:14","6.0","71.1"
"NATHAN MACKINNON","","C","26","COL","65","7","20","27","77","68.4","03:40","21:04","238:31","6.8","71.1"
"BRAD MARCHAND","","L","34","BOS","70","7","20","27","55","70.3","03:25","19:15","238:44","6.8","69.2"
"FILIP FORSBERG","","L","27","NSH","69","10","17","27","55","62.7","03:09","18:06","217:01","7.5","62.8"
"DAVID PASTRNAK","","R","26","BOS","72","15","11","26","88","75.4","03:33","18:36","255:14","6.1","63.4"
"DAVID PERRON","","R","34","DET","67","11","15","26","58","58.6","02:41","16:59","180:05","8.7","74.3"
"JOHN TAVARES","","C","31","TOR","79","10","16","26","71","69.4","03:00","18:04","236:44","6.6","54.2"
"ALEKSANDER BARKOV","","C","26","FLA","67","12","14","26","47","69.9","03:29","20:18","233:37","6.7","57.8"
"JOHN CARLSON","","D","32","WSH","78","7","18","25","43","76.1","03:58","23:49","309:16","4.9","64.1"
"JOE PAVELSKI","","R","38","DAL","82","12","13","25","48","57.1","02:44","18:28","224:26","6.7","67.6"
"JAKUB VORACEK","","R","32","CBJ","79","2","23","25","40","69.6","03:12","17:27","253:24","5.9","73.5"
"MITCHELL MARNER","","R","25","TOR","72","6","19","25","54","70.9","03:06","20:53","223:39","6.7","62.5"
"JOHNNY GAUDREAU","","L","28","CBJ","82","6","19","25","77","61.9","02:57","18:35","241:50","6.2","62.5"
"ROOPE HINTZ","","C","25","DAL","80","9","15","24","40","52.7","02:32","18:02","202:47","7.1","70.6"
"RYAN JOHANSEN","","C","29","NSH","79","11","13","24","43","61.7","03:02","16:34","239:56","6.0","50"
"MORGAN RIELLY","","D","28","TOR","82","2","21","23","34","67.1","02:54","23:44","237:29","5.8","47.9"
"RYAN NUGENT-HOPKINS","","C","29","EDM","63","1","22","23","43","80.3","03:28","19:19","218:36","6.3","54.8"
"CLAUDE GIROUX","","R","34","OTT","75","5","18","23","52","63.5","03:13","19:03","241:38","5.7","74.2"
"PATRICE BERGERON","","C","36","BOS","73","8","15","23","66","65.2","03:02","18:11","221:44","6.2","60.5"
"JOSH NORRIS","","C","23","OTT","66","16","7","23","69","65.6","03:14","18:35","213:21","6.5","60.5"
"NOAH DOBSON","","D","22","NYI","80","3","19","22","34","64.0","02:37","21:28","209:26","6.3","75.9"
"ANDREI SVECHNIKOV","","L","22","CAR","78","9","13","22","67","63.7","02:52","17:16","223:51","5.9","56.4"
"VLADIMIR TARASENKO","","R","30","STL","75","5","17","22","57","57.6","02:40","16:55","200:32","6.6","68.8"
"JAKE GUENTZEL","","L","27","PIT","76","7","15","22","60","71.7","03:33","20:06","269:44","4.9","51.2"
"KRIS LETANG","","D","35","PIT","78","2","20","22","33","74.3","03:29","25:47","271:33","4.9","51.2"
"ANZE KOPITAR","","C","34","L.A","81","6","16","22","56","63.8","03:20","20:46","269:35","4.9","75.9"
"BRAYDEN POINT","","C","26","T.B","66","10","12","22","56","69.4","03:36","19:27","237:46","5.6","53.7"
"RASMUS DAHLIN","","D","22","BUF","80","3","18","21","31","65.5","03:05","24:02","246:34","5.1","80.8"
"ANTHONY DUCLAIR","","R","26","FLA","74","9","12","21","42","51.4","02:33","15:01","188:45","6.7","55.3"
"TYSON BARRIE","","D","30","EDM","73","3","18","21","37","63.5","02:51","18:58","208:30","6.0","53.8"
"CHARLIE MCAVOY","","D","24","BOS","78","4","17","21","23","65.2","03:07","24:40","242:48","5.2","58.3"
"MORITZ SEIDER","","D","21","DET","82","2","19","21","51","61.8","02:53","23:02","237:01","5.3","65.6"
"BRYAN RUST","","R","30","PIT","60","9","12","21","49","67.1","03:26","18:46","206:28","6.1","61.8"
"JASON ROBERTSON","","L","22","DAL","74","13","8","21","44","56.5","02:41","18:07","197:59","6.4","58.3"
"EVGENI MALKIN","","C","35","PIT","41","9","11","20","44","73.5","03:46","18:20","154:16","7.8","71.4"
"AARON EKBLAD","","D","26","FLA","61","3","17","20","43","69.5","03:31","24:55","214:17","5.6","57.1"
"TONY DEANGELO","","D","26","PHI","64","2","18","20","34","67.5","03:03","19:48","194:57","6.2","62.5"
"MATHEW BARZAL","","C","25","NYI","73","1","19","20","29","62.9","02:39","18:01","194:03","6.2","76.9"
"JONATHAN MARCHESSAULT","","L","31","VGK","76","5","15","20","42","48.5","02:08","17:35","162:34","7.4","90.9"
"BLAKE WHEELER","","R","35","WPG","65","3","17","20","24","65.5","03:10","19:32","206:22","5.8","74.1"
"JOHN KLINGBERG","","D","29","","74","1","19","20","38","57.9","02:50","22:13","209:59","5.7","55.6"
"NICK SUZUKI","","C","22","MTL","82","8","12","20","43","62.0","03:05","20:30","253:26","4.7","71.4"
"BO HORVAT","","C","27","VAN","70","13","6","19","56","64.6","03:15","19:30","227:28","5.0","44.2"
"OLIVER BJORKSTRAND","","R","27","CBJ","80","9","10","19","50","67.9","03:07","17:57","249:07","4.6","54.3"
"PAVEL BUCHNEVICH","","L","27","STL","73","8","11","19","36","48.1","02:15","18:18","164:05","6.9","70.4"
"ELIAS LINDHOLM","","C","27","CGY","82","10","9","19","46","60.5","02:53","19:57","236:39","4.8","50"
"SETH JONES","","D","27","CHI","78","0","19","19","33","67.9","03:24","26:13","264:45","4.3","52.8"
"SHAYNE GOSTISBEHERE","","D","29","ARI","82","2","17","19","34","67.8","02:51","22:11","233:31","4.9","86.4"
"JORDAN KYROU","","R","24","STL","74","5","14","19","30","40.2","01:54","16:35","141:09","8.1","79.2"
"RASMUS ANDERSSON","","D","25","CGY","82","2","17","19","41","59.2","02:49","22:40","231:33","4.9","48.7"
"TOREY KRUG","","D","31","STL","64","3","16","19","30","61.4","02:49","20:33","180:12","6.3","52.8"
"CAM FOWLER","","D","30","ANA","76","6","12","18","29","47.1","02:09","24:25","162:59","6.6","66.7"
"TIMO MEIER","","L","25","S.J","77","12","6","18","63","59.1","02:39","19:10","203:53","5.3","81.8"
"JESPER BRATT","","R","23","N.J","76","3","15","18","20","59.2","02:43","17:26","206:47","5.2","69.2"
"BRADY TKACHUK","","L","22","OTT","79","10","8","18","88","65.1","03:11","18:48","251:41","4.3","47.4"
"PIERRE-LUC DUBOIS","","C","24","WPG","81","14","4","18","56","63.4","03:07","18:56","251:58","4.3","47.4"
"BRENT BURNS","","D","37","CAR","82","4","14","18","48","60.2","02:39","26:09","217:43","5.0","66.7"
"MARK SCHEIFELE","","C","29","WPG","67","7","11","18","37","67.3","03:28","21:08","232:36","4.6","54.5"
"LUCAS RAYMOND","","R","20","DET","82","5","13","18","33","59.8","02:48","18:09","229:22","4.7","62.1"
"BROCK BOESER","","R","25","VAN","71","11","6","17","53","64.0","03:05","18:36","219:23","4.6","45.9"
"KEVIN FIALA","","L","25","L.A","82","5","12","17","55","52.1","02:42","17:39","220:49","4.6","68"
"LOGAN COUTURE","","C","33","S.J","77","5","12","17","34","56.4","02:28","18:56","190:26","5.4","68"
"JOEL ERIKSSON EK","","C","25","MIN","77","12","5","17","49","57.3","02:59","18:35","229:05","4.5","48.6"
"JARED MCCANN","","L","26","SEA","74","8","9","17","68","57.1","02:36","16:08","192:45","5.3","85"
"BRAYDEN SCHENN","","C","30","STL","62","7","10","17","28","52.5","02:24","17:47","148:43","6.9","63"
"TREVOR ZEGRAS","","C","21","ANA","75","9","8","17","37","58.7","02:38","17:54","197:42","5.2","77.3"
"TOMAS HERTL","","C","28","S.J","82","6","10","16","34","56.6","02:30","19:57","204:34","4.7","59.3"
"TAGE THOMPSON","","C","24","BUF","78","10","6","16","57","57.3","02:38","17:53","205:50","4.7","69.6"
"DYLAN STROME","","C","25","WSH","69","5","11","16","19","56.1","02:42","17:26","186:35","5.1","64"
"TYLER TOFFOLI","","R","30","CGY","74","8","8","16","42","51.7","02:26","16:18","180:17","5.3","55.2"
"ADRIAN KEMPE","","R","25","L.A","78","6","10","16","57","57.2","02:57","18:35","230:03","4.2","64"
"DAMON SEVERSON","","D","27","N.J","80","5","11","16","33","50.8","02:20","23:35","186:35","5.1","80"
"RYAN O'REILLY","","C","31","STL","78","9","7","16","36","54.9","02:36","19:05","202:11","4.7","43.2"
"TROY TERRY","","R","24","ANA","75","8","7","15","26","45.4","02:03","18:14","153:35","5.9","71.4"
"TAYLOR HALL","","L","30","BOS","81","7","8","15","42","59.8","02:50","16:25","228:50","3.9","46.9"
"JOSH MORRISSEY","","D","27","WPG","79","6","9","15","42","51.3","02:33","23:40","200:49","4.5","55.6"
"GABRIEL LANDESKOG","","L","29","COL","51","7","8","15","41","70.5","03:59","20:19","202:48","4.4","41.7"
"SEAN DURZI","","D","23","L.A","64","2","12","14","33","49.8","02:28","19:36","158:22","5.3","87.5"
"DRAKE BATHERSON","","R","24","OTT","46","3","11","14","16","63.4","03:16","18:56","150:30","5.6","56"
"RYAN STROME","","C","29","ANA","74","5","9","14","31","68.4","02:47","18:19","206:07","4.1","31.8"
"ROBERT THOMAS","","C","23","STL","72","3","11","14","19","45.0","02:03","18:46","147:12","5.7","58.3"
"ALEX KILLORN","","R","32","T.B","82","6","8","14","35","61.7","03:14","18:42","264:58","3.2","31.1"
"PATRIK LAINE","","R","24","CBJ","56","5","9","14","49","72.6","03:25","18:50","191:06","4.4","63.6"
"KYLE OKPOSO","","R","34","BUF","74","8","6","14","28","39.2","01:48","16:47","132:37","6.3","66.7"
"ZACH WERENSKI","","D","25","CBJ","68","4","10","14","47","72.4","03:13","25:40","218:54","3.8","46.7"
"NICKLAS BACKSTROM","","C","34","WSH","47","1","13","14","23","68.8","03:39","17:29","171:14","4.9","53.8"
"JACK HUGHES","","C","21","N.J","49","6","8","14","27","61.6","02:53","19:34","141:02","6.0","73.7"
"CHANDLER STEPHENSON","","C","28","VGK","79","6","8","14","26","51.7","02:15","19:18","177:42","4.7","63.6"
"JARED SPURGEON","","D","32","MIN","65","0","14","14","20","59.9","03:02","21:09","196:55","4.3","43.8"
"TYLER BERTUZZI","","L","27","DET","68","6","8","14","37","60.9","02:57","19:52","200:06","4.2","51.9"
"KEVIN SHATTENKIRK","","D","33","ANA","82","1","13","14","34","44.0","01:59","21:25","162:22","5.2","53.8"
"BROCK NELSON","","C","30","NYI","72","11","3","14","41","53.3","02:15","17:40","161:55","5.2","56"
"PHIL KESSEL","","R","34","","82","2","12","14","31","64.9","02:44","16:41","223:35","3.8","58.3"
"MIKE HOFFMAN","","R","32","MTL","67","4","9","13","48","54.8","02:42","17:03","180:48","4.3","72.2"
"ALEX PIETRANGELO","","D","32","VGK","80","3","10","13","38","50.3","02:13","24:39","177:03","4.4","68.4"
"COLE CAUFIELD","","L","21","MTL","67","5","8","13","48","54.8","02:51","16:40","191:09","4.1","76.5"
"DYLAN LARKIN","","C","25","DET","71","6","7","13","38","60.2","02:52","19:39","203:19","3.8","52"
"BRANDON SAAD","","L","29","STL","78","8","5","13","36","35.6","01:39","16:16","129:10","6.0","52"
"NOAH HANIFIN","","D","25","CGY","81","1","12","13","27","38.5","01:50","21:18","148:57","5.2","72.2"
"TYLER SEGUIN","","R","30","DAL","81","3","10","13","50","52.4","02:31","17:49","203:26","3.8","41.9"
"ANDERS LEE","","L","32","NYI","76","9","4","13","36","58.8","02:21","16:38","179:05","4.4","50"
"THOMAS CHABOT","","D","25","OTT","59","1","12","13","16","69.0","03:29","26:12","205:11","3.8","44.8"
"SEAN MONAHAN","","C","27","CGY","65","5","8","13","29","49.0","02:16","14:04","147:12","5.3","65"
"DREW DOUGHTY","","D","32","L.A","39","4","9","13","26","63.4","03:08","25:44","122:22","6.4","92.9"
"RYAN SUTER","","D","37","DAL","82","4","9","13","26","44.0","02:06","23:39","172:42","4.5","68.4"
"SHEA THEODORE","","D","26","VGK","78","1","11","12","21","57.2","02:28","23:08","192:20","3.7","50"
"VICTOR OLOFSSON","","R","27","BUF","72","7","5","12","47","47.6","02:14","15:21","160:25","4.5","57.1"
"CHRIS WIDEMAN","","D","32","MTL","64","0","12","12","20","49.4","02:29","14:53","158:57","4.5","60"
"DEVON TOEWS","","D","28","COL","66","2","10","12","14","32.7","01:43","25:22","113:06","6.4","63.2"
"MARK GIORDANO","","D","38","TOR","75","0","12","12","35","50.0","02:28","20:53","184:29","3.9","70.6"
"MAX PACIORETTY","","L","33","CAR","39","4","8","12","39","61.2","02:42","17:23","105:02","6.9","75"
"JAMIE DRYSDALE","","D","20","ANA","81","0","12","12","18","46.0","02:04","19:53","167:47","4.3","66.7"
"NICO HISCHIER","","C","23","N.J","70","4","8","12","38","61.5","02:49","19:21","197:33","3.6","52.2"
"VINCENT TROCHECK","","C","29","NYR","81","6","6","12","34","63.9","02:53","17:52","233:03","3.1","33.3"
"NEAL PIONK","","D","26","WPG","77","1","11","12","27","44.4","02:11","21:08","167:39","4.3","63.2"
"ANDRE BURAKOVSKY","","L","27","SEA","80","4","7","11","29","36.9","02:01","16:16","161:29","4.1","52.4"
"ANTHONY BEAUVILLIER","","R","25","NYI","75","5","6","11","35","40.7","01:43","16:50","128:44","5.1","68.8"
"CLAYTON KELLER","","L","23","ARI","67","5","6","11","43","67.9","02:53","20:08","192:56","3.4","61.1"
"RYAN GETZLAF","","C","37","","56","2","9","11","26","58.1","02:37","18:57","146:48","4.5","64.7"
"JAMIE BENN","","C","33","DAL","82","3","8","11","29","42.6","02:03","16:45","167:32","3.9","64.7"
"ADAM HENRIQUE","","L","32","ANA","58","6","5","11","25","45.5","02:09","17:25","125:10","5.3","52.4"
"JOSH BAILEY","","R","32","NYI","74","2","9","11","10","38.6","01:33","16:54","114:23","5.8","68.8"
"VINCE DUNN","","D","25","SEA","73","2","9","11","22","48.5","02:12","20:41","161:12","4.1","84.6"
"JEFF SKINNER","","L","30","BUF","80","5","6","11","46","59.3","02:49","17:05","225:04","2.9","45.8"
"NATE SCHMIDT","","D","31","WPG","77","1","10","11","22","33.8","01:40","20:13","128:21","5.1","68.8"
"MIRO HEISKANEN","","D","23","DAL","70","3","8","11","26","47.9","02:18","24:53","161:03","4.1","64.7"
"KEITH YANDLE","","D","35","","77","1","10","11","39","41.6","02:08","13:59","164:51","4.0","73.3"
"ANDREW MANGIAPANE","","L","26","CGY","82","8","3","11","30","37.7","01:48","15:44","147:25","4.5","64.7"
"ERIK KARLSSON","","D","32","S.J","50","0","10","10","19","59.9","02:50","23:28","141:57","4.2","62.5"
"TRAVIS KONECNY","","R","25","PHI","79","3","7","10","38","53.0","02:44","17:37","215:49","2.8","66.7"
"OLIVER EKMAN-LARSSON","","D","31","VAN","79","3","7","10","27","35.5","01:45","22:19","138:18","4.3","58.8"
"SONNY MILANO","","L","26","","66","5","5","10","15","48.6","02:09","15:17","141:29","4.2","38.5"
"BOONE JENNER","","C","29","CBJ","59","8","2","10","32","68.2","02:58","20:28","175:16","3.4","40"
"GUSTAV NYQUIST","","L","32","CBJ","82","4","6","10","11","39.8","01:50","17:51","150:22","4.0","66.7"
"JASON SPEZZA","","C","39","","71","3","7","10","17","31.5","01:25","10:45","100:08","6.0","71.4"
"ZACH HYMAN","","R","30","EDM","76","5","5","10","31","52.9","02:24","19:28","182:24","3.3","32.3"
"MARCUS JOHANSSON","","L","31","WSH","69","3","7","10","23","51.6","02:28","16:08","169:50","3.5","62.5"
"ANDREW COPP","","R","28","DET","72","3","7","10","32","45.5","02:14","19:11","160:34","3.7","52.6"
"T.J. OSHIE","","R","35","WSH","44","4","6","10","21","64.7","03:27","17:27","151:59","3.9","52.6"
"PEYTON KREBS","","C","21","BUF","57","0","10","10","10","45.3","02:05","14:33","118:28","5.1","62.5"
"ALEX CHIASSON","","R","31","","67","6","4","10","27","41.1","01:54","11:38","126:53","4.7","58.8"
"MATT BOLDY","","R","21","MIN","47","3","7","10","25","46.6","02:21","15:22","110:17","5.4","55.6"
"RICKARD RAKELL","","R","29","PIT","70","5","5","10","32","50.2","02:17","17:59","159:51","3.8","50"
"TOM WILSON","","R","28","WSH","78","4","6","10","31","49.5","02:31","18:35","196:34","3.1","41.7"
"CHARLIE COYLE","","C","30","BOS","82","3","6","9","22","40.2","01:53","17:24","154:21","3.5","52.9"
"PHILIP TOMASINO","","R","20","NSH","76","3","6","9","18","27.3","01:21","11:32","102:14","5.3","100"
"IVAN BARBASHEV","","L","26","STL","81","4","5","9","12","31.9","01:29","16:27","119:38","4.5","47.4"
"JORDAN EBERLE","","R","32","SEA","79","4","5","9","24","59.2","02:45","17:57","217:15","2.5","50"
"JAMES VAN RIEMSDYK","","L","33","PHI","82","9","0","9","44","50.9","02:36","16:07","213:52","2.5","56.3"
"NIKOLAJ EHLERS","","L","26","WPG","62","4","5","9","41","44.4","02:14","18:04","138:34","3.9","60"
"VALERI NICHUSHKIN","","R","27","COL","62","5","4","9","19","43.2","02:20","19:02","144:29","3.7","34.6"
"DYLAN COZENS","","C","21","BUF","79","2","7","9","20","40.8","01:56","15:54","152:22","3.5","37.5"
"SAM BENNETT","","C","26","FLA","71","5","4","9","41","42.4","02:12","16:57","156:17","3.5","60"
"DOMINIK KUBALIK","","L","26","DET","78","3","6","9","36","32.6","01:39","14:31","128:41","4.2","64.3"
"CONNOR BROWN","","R","28","WSH","64","0","9","9","11","45.1","02:06","20:04","134:07","4.0","75"
"ARTHUR KALIYEV","","R","21","L.A","80","5","3","8","43","37.2","01:56","12:39","154:44","3.1","53.3"
"JACK EICHEL","","C","25","VGK","34","3","5","8","29","66.0","02:57","19:24","100:17","4.8","61.5"
"COREY PERRY","","R","37","T.B","82","6","2","8","27","33.0","01:44","13:31","141:40","3.4","44.4"
"ALEXANDER BARABANOV","","R","28","S.J","70","2","6","8","19","43.0","01:51","17:10","129:45","3.7","57.1"
"BRANDON MONTOUR","","D","28","FLA","81","1","7","8","15","27.4","01:22","17:55","111:08","4.3","61.5"
"PAUL STASTNY","","C","36","","71","4","4","8","18","35.5","01:44","17:47","123:22","3.9","47.1"
"EVAN RODRIGUES","","R","28","","82","7","1","8","44","39.8","01:55","15:50","157:38","3.0","42.1"
"ANTHONY CIRELLI","","C","25","T.B","76","3","5","8","14","28.3","01:26","18:19","108:36","4.4","57.1"
"ONDREJ PALAT","","L","31","N.J","77","1","7","8","18","41.0","02:07","16:29","163:09","2.9","44.4"
"OLIVER WAHLSTROM","","R","22","NYI","73","5","3","8","37","35.2","01:28","12:04","107:36","4.5","66.7"
"ONDREJ KASE","","R","26","CAR","50","4","4","8","11","20.8","00:53","13:59","044:00","10.9","57.1"
"FILIP ZADINA","","R","22","DET","74","4","4","8","33","39.2","01:50","14:11","135:40","3.5","80"
"ALEX TUCH","","R","26","BUF","50","2","6","8","16","58.6","02:52","18:21","143:41","3.3","47.1"
"NICK SCHMALTZ","","R","26","ARI","63","4","4","8","24","55.7","02:24","18:15","151:05","3.2","53.3"
"ALEXANDER RADULOV","","R","36","","71","1","7","8","20","43.2","02:06","14:05","149:01","3.2","42.1"
"EVGENII DADONOV","","R","33","MTL","78","5","3","8","29","54.1","02:23","15:49","185:35","2.6","42.1"
"RYAN HARTMAN","","C","27","MIN","82","1","7","8","45","45.4","02:21","18:11","192:26","2.5","40"
"ROBBY FABBRI","","L","26","DET","56","6","2","8","21","57.5","02:46","17:20","154:45","3.1","44.4"
"VIKTOR ARVIDSSON","","R","29","L.A","66","4","4","8","33","53.3","02:37","16:59","173:01","2.8","50"
"NICK BONINO","","L","34","S.J","80","3","4","7","22","41.9","01:51","16:42","147:48","2.8","46.7"
"JONATHAN DAHLEN","","R","24","","61","3","4","7","25","40.5","01:47","13:48","108:54","3.9","70"
"DOUGIE HAMILTON","","D","29","N.J","62","2","5","7","28","52.7","02:30","21:13","154:33","2.7","63.6"
"JACCOB SLAVIN","","D","28","CAR","79","1","6","7","14","30.3","01:22","23:32","107:55","3.9","46.7"
"MIKHAIL SERGACHEV","","D","24","T.B","78","1","6","7","22","29.4","01:32","22:28","118:59","3.5","63.6"
"ZACH PARISE","","L","37","NYI","82","2","5","7","19","37.7","01:35","15:17","129:52","3.2","35"
"JONAS BRODIN","","D","29","MIN","73","1","6","7","15","31.1","01:37","23:26","117:56","3.6","50"
"JACOB BRYSON","","D","24","BUF","73","1","6","7","3","18.8","00:54","18:21","065:49","6.4","70"
"JUSTIN FAULK","","D","30","STL","76","1","6","7","7","34.0","01:35","23:12","120:25","3.5","50"
"JONATHAN TOEWS","","C","34","CHI","71","4","3","7","25","51.8","02:42","17:28","192:16","2.2","46.7"
"SAMUEL GIRARD","","D","24","COL","67","0","7","7","5","32.4","01:50","21:38","122:52","3.4","43.8"
"EVAN BOUCHARD","","D","22","EDM","81","2","5","7","26","29.4","01:20","19:48","107:28","3.9","50"
"PAVEL ZACHA","","C","25","BOS","70","3","4","7","32","48.3","02:11","16:51","153:24","2.7","53.8"
"IVAN PROVOROV","","D","25","PHI","79","1","6","7","28","43.1","02:14","24:53","176:49","2.4","63.6"
"JACK ROSLOVIC","","C","25","CBJ","81","4","3","7","18","32.8","01:32","14:17","123:45","3.4","53.8"
"FILIP HRONEK","","D","24","DET","78","2","5","7","20","41.4","01:53","22:01","146:50","2.9","63.6"
"MIKAEL BACKLUND","","C","33","CGY","82","0","7","7","25","30.3","01:27","17:07","118:17","3.6","63.6"
"PATRIC HORNQVIST","","R","35","FLA","65","3","4","7","28","41.0","02:07","12:41","137:27","3.1","53.8"
"DENIS GURIANOV","","R","25","DAL","73","4","3","7","31","40.0","01:58","14:11","143:47","2.9","58.3"
"YANNI GOURDE","","C","30","SEA","74","3","4","7","19","41.7","01:57","18:28","144:46","2.9","63.6"
"COLIN WHITE","","C","25","FLA","24","2","5","7","17","56.4","02:38","15:20","063:18","6.6","63.6"
"JESSE PULJUJARVI","","R","24","EDM","65","4","3","7","27","34.3","01:28","16:14","095:26","4.4","36.8"
"JEAN-GABRIEL PAGEAU","","C","29","NYI","77","4","3","7","15","49.5","02:04","17:40","159:15","2.6","31.8"
"LAWSON CROUSE","","L","25","ARI","65","3","4","7","21","45.4","01:55","17:26","124:46","3.4","63.6"
"CASEY MITTELSTADT","","C","23","BUF","40","1","6","7","16","48.7","02:31","16:07","100:41","4.2","58.3"
"PAT MAROON","","L","34","T.B","81","4","3","7","14","25.0","01:19","12:23","106:20","3.9","77.8"
"MARCUS FOLIGNO","","R","30","MIN","74","5","2","7","8","33.0","01:43","16:25","127:09","3.3","58.3"
"REILLY SMITH","","R","31","VGK","56","3","4","7","29","41.8","01:48","17:47","100:58","4.2","53.8"
"BRENDAN GALLAGHER","","R","30","MTL","56","5","2","7","26","45.3","02:23","15:01","133:09","3.2","77.8"
"JEFF CARTER","","C","37","PIT","76","3","3","6","36","42.5","02:02","17:40","154:21","2.3","42.9"
"BRANDON HAGEL","","L","23","T.B","77","4","2","6","15","29.2","01:30","16:21","115:06","3.1","33.3"
"ROSS COLTON","","L","25","T.B","79","1","5","6","18","27.1","01:25","12:48","111:41","3.2","100"
"JAKUB VRANA","","L","26","DET","26","5","1","6","19","51.7","02:21","14:54","061:00","5.9","85.7"
"DARNELL NURSE","","D","27","EDM","71","0","6","6","15","25.1","01:09","25:03","082:10","4.4","42.9"
"ADAM BOQVIST","","D","21","CBJ","52","3","3","6","10","44.1","01:56","17:03","100:27","3.6","60"
"SETH JARVIS","","R","20","CAR","68","2","4","6","13","30.9","01:21","13:52","092:09","3.9","75"
"KIRBY DACH","","C","21","MTL","70","2","4","6","20","38.5","01:55","18:02","134:11","2.7","50"
"ALEX IAFALLO","","L","28","L.A","79","3","3","6","43","53.1","02:45","18:30","217:43","1.7","33.3"
"KYLE PALMIERI","","R","31","NYI","69","2","4","6","20","39.1","01:37","15:37","111:39","3.2","46.2"
"KAILER YAMAMOTO","","R","23","EDM","81","3","3","6","14","18.2","00:49","16:52","066:36","5.4","66.7"
"ALEX WENNBERG","","C","27","SEA","80","2","4","6","21","45.4","02:05","17:50","166:19","2.2","46.2"
"MARK STONE","","R","30","VGK","37","3","3","6","13","61.3","02:41","18:21","099:04","3.6","42.9"
"CHRIS TIERNEY","","L","28","FLA","70","3","3","6","11","27.9","01:23","12:25","097:21","3.7","75"
"EELI TOLVANEN","","L","23","NSH","75","1","5","6","32","37.6","01:48","13:26","135:09","2.7","35.3"
"ERIK BRANNSTROM","","D","22","OTT","53","0","6","6","3","45.1","02:07","19:46","112:20","3.2","46.2"
"J.T. COMPHER","","C","27","COL","70","4","2","6","15","33.6","01:48","16:19","125:55","2.9","54.5"
"RYAN PULOCK","","D","27","NYI","56","2","4","6","11","35.0","01:24","21:09","078:15","4.6","50"
"CONOR SHEARY","","R","30","WSH","71","2","4","6","15","32.6","01:43","15:17","121:35","3.0","46.2"
"ALEX NEWHOOK","","L","21","COL","71","3","3","6","13","25.8","01:23","13:34","097:41","3.7","54.5"
"CALLE JARNKROK","","C","30","","66","2","4","6","12","38.9","01:55","16:02","126:02","2.9","50"
"NICK LEDDY","","D","31","STL","75","0","6","6","9","37.2","01:49","21:25","136:44","2.6","54.5"
"KASPERI KAPANEN","","R","25","PIT","79","0","5","5","13","32.9","01:36","14:32","126:27","2.4","83.3"
"TOMAS TATAR","","L","31","N.J","76","2","3","5","16","39.3","01:52","14:50","141:57","2.1","62.5"
"CAM ATKINSON","","R","33","PHI","73","2","3","5","41","53.0","02:41","18:14","195:33","1.5","41.7"
"SEAN COUTURIER","","C","29","PHI","29","2","3","5","13","57.6","02:50","20:23","082:09","3.7","50"
"HAMPUS LINDHOLM","","D","28","BOS","71","1","4","5","14","19.8","00:58","22:30","068:29","4.4","83.3"
"CHRISTIAN DVORAK","","C","26","MTL","56","1","4","5","15","51.6","02:28","17:23","138:02","2.2","33.3"
"ILYA MIKHEYEV","","R","27","VAN","53","4","1","5","13","25.3","01:06","15:16","057:56","5.2","55.6"
"JAKOB SILFVERBERG","","R","31","ANA","53","1","4","5","16","39.0","01:46","17:02","093:14","3.2","29.4"
"PHILIPP KURASHEV","","L","22","CHI","67","2","3","5","5","23.6","01:13","12:51","081:50","3.7","83.3"
"RYAN MCLEOD","","C","22","EDM","71","2","3","5","8","16.8","00:46","12:46","054:55","5.5","100"
"MATT DUMBA","","D","27","MIN","57","1","4","5","19","33.3","01:45","23:06","099:19","3.0","55.6"
"MICHAEL BUNTING","","L","26","TOR","79","2","3","5","13","29.7","01:17","15:32","101:44","2.9","50"
"BARRETT HAYTON","","C","22","ARI","60","2","3","5","10","37.9","01:32","16:07","092:18","3.3","62.5"
"NINO NIEDERREITER","","L","29","","75","4","1","5","19","34.6","01:28","14:50","110:11","2.7","50"
"NICOLAS ROY","","C","25","VGK","78","2","3","5","25","39.3","01:45","16:16","135:55","2.2","35.7"
"MATT GRZELCYK","","D","28","BOS","73","0","5","5","6","29.5","01:25","18:44","103:12","2.9","62.5"
"VINNI LETTIERI","","R","27","BOS","31","2","3","5","10","36.2","01:39","12:31","051:05","5.9","62.5"
"JUSTIN SCHULTZ","","D","32","SEA","74","2","3","5","14","28.1","01:26","16:55","105:41","2.8","55.6"
"PHILLIP DANAULT","","C","29","L.A","79","2","2","4","25","40.3","02:03","18:08","161:47","1.5","26.7"
"EVANDER KANE","","L","30","EDM","43","3","1","4","22","50.7","02:27","19:27","105:07","2.3","28.6"
"MARTIN NECAS","","R","23","CAR","78","2","2","4","24","36.9","01:39","16:11","128:16","1.9","44.4"
"JADEN SCHWARTZ","","L","30","SEA","37","1","3","4","15","50.0","02:22","18:27","087:41","2.7","50"
"DYLAN COGHLAN","","D","24","CAR","59","2","2","4","17","23.0","01:02","14:12","061:12","3.9","66.7"
"HENRI JOKIHARJU","","D","23","BUF","60","0","4","4","10","23.6","01:07","21:55","066:48","3.6","50"
"ALEXANDRE CARRIER","","D","25","NSH","77","1","3","4","9","19.9","01:00","20:59","077:23","3.1","44.4"
"TYLER ENNIS","","L","32","","57","1","3","4","14","34.2","01:40","12:33","095:17","2.5","50"
"TRAVIS BOYD","","R","28","ARI","74","2","2","4","12","38.8","01:39","16:31","122:40","2.0","44.4"
"DANTON HEINEN","","L","27","","76","3","1","4","10","23.7","01:09","12:42","087:44","2.7","100"
"KEVIN HAYES","","C","30","PHI","48","2","2","4","24","52.6","02:43","17:55","130:00","1.8","50"
"DAWSON MERCER","","C","20","N.J","82","2","2","4","17","40.9","01:53","16:32","154:46","1.6","33.3"
"NATHAN BASTIAN","","R","24","N.J","72","3","1","4","16","34.5","01:37","11:54","116:09","2.1","22.2"
"ALEX GOLIGOSKI","","D","36","MIN","72","0","4","4","3","22.9","01:11","18:57","085:43","2.8","57.1"
"ERIK HAULA","","C","31","N.J","78","2","2","4","14","19.9","00:57","15:05","074:25","3.2","66.7"
"MATTIAS EKHOLM","","D","32","NSH","76","0","4","4","17","31.1","01:33","23:29","117:42","2.0","57.1"
"ANTON LUNDELL","","C","20","FLA","65","1","3","4","4","12.8","00:41","15:44","044:32","5.4","57.1"
"TAYLOR RADDYSH","","R","24","CHI","74","3","1","4","13","24.8","01:17","12:20","094:37","2.5","30.8"
"ANDREW LADD","","L","36","ARI","51","3","1","4","12","36.3","01:37","14:07","082:19","2.9","50"
"RASMUS ASPLUND","","L","24","BUF","80","2","2","4","12","23.6","01:05","14:21","087:19","2.7","50"
"JAKE BEAN","","D","24","CBJ","67","0","4","4","6","23.6","01:07","20:34","074:48","3.2","50"
"CAM YORK","","D","21","PHI","30","1","3","4","6","47.0","02:18","19:05","068:46","3.5","66.7"
"TY SMITH","","D","22","PIT","66","0","4","4","4","28.3","01:20","17:30","088:30","2.7","57.1"
"JONATHAN DROUIN","","L","27","MTL","34","0","4","4","8","48.8","02:22","17:05","080:28","3.0","80"
"CRAIG SMITH","","R","32","BOS","74","0","4","4","25","32.8","01:33","14:25","115:15","2.1","40"
"COLTON SISSONS","","C","28","NSH","79","1","3","4","6","8.9","00:26","16:10","034:52","6.9","80"
"JACOB TROUBA","","D","28","NYR","81","1","3","4","20","28.8","01:12","22:26","097:10","2.5","57.1"
"DMITRY ORLOV","","D","30","WSH","76","2","2","4","11","18.7","00:58","20:58","073:28","3.3","100"
"KEVIN LABANC","","R","26","S.J","21","2","2","4","11","43.0","01:53","13:17","039:39","6.1","66.7"
"ERIK GUSTAFSSON","","D","30","WSH","59","0","4","4","20","37.3","01:56","16:13","113:44","2.1","44.4"
"JESPERI KOTKANIEMI","","C","22","CAR","66","0","4","4","7","26.2","01:12","12:01","078:44","3.0","44.4"
"MORGAN GEEKIE","","C","23","SEA","73","0","4","4","21","29.6","01:22","12:38","099:21","2.4","50"
"KIEFFER BELLOWS","","L","24","NYI","45","0","4","4","5","11.7","00:28","11:52","021:16","11.3","80"
"THOMAS NOVAK","","C","25","NSH","27","1","3","4","3","37.8","01:45","11:48","047:03","5.1","100"
"MATTY BENIERS","","C","19","SEA","10","2","2","4","10","65.1","02:57","16:55","029:27","8.1","100"
"MAX DOMI","","L","27","","72","0","4","4","20","29.2","01:13","13:03","087:41","2.7","57.1"
"ZEMGUS GIRGENSONS","","C","28","BUF","56","3","1","4","8","21.6","01:00","14:47","055:53","4.3","50"
"JAKE DEBRUSK","","R","25","BOS","77","3","1","4","23","27.5","01:18","15:02","100:16","2.4","57.1"
"NICK COUSINS","","L","28","FLA","68","3","1","4","14","32.8","01:39","12:28","112:32","2.1","50"
"NICK RITCHIE","","L","26","ARI","57","1","3","4","15","36.4","01:29","12:42","084:41","2.8","44.4"
"YEGOR SHARANGOVICH","","L","24","N.J","76","2","1","3","12","26.2","01:13","16:30","092:40","1.9","75"
"NOAH GREGOR","","R","23","S.J","63","0","3","3","15","28.6","01:14","14:56","077:13","2.3","60"
"WILLIAM KARLSSON","","C","29","VGK","67","1","2","3","12","45.8","02:02","18:17","136:04","1.3","23.1"
"PIERRE ENGVALL","","R","26","TOR","78","1","2","3","14","13.0","00:34","13:17","044:39","4.0","50"
"DILLON DUBE","","L","23","CGY","79","2","1","3","15","17.9","00:51","12:50","066:49","2.7","37.5"
"MILAN LUCIC","","L","34","CGY","82","2","1","3","10","23.6","01:08","12:15","092:26","1.9","33.3"
"DUSTIN BROWN","","R","37","","64","1","2","3","25","39.8","02:06","14:44","134:03","1.3","21.4"
"SAM STEEL","","C","24","","68","0","3","3","5","14.9","00:39","12:19","043:55","4.1","60"
"NILS HOGLANDER","","L","21","VAN","60","1","2","3","20","19.0","00:59","13:05","059:18","3.0","75"
"JOHAN LARSSON","","L","29","","43","2","1","3","4","15.1","00:45","15:55","032:34","5.5","60"
"VASILY PODKOLZIN","","R","21","VAN","79","2","1","3","4","13.4","00:39","12:48","051:08","3.5","50"
"JOEL ARMIA","","R","29","MTL","60","1","2","3","12","15.1","00:48","13:43","047:55","3.8","75"
"ARTTURI LEHKONEN","","L","27","COL","74","2","1","3","12","20.0","01:01","15:06","075:33","2.4","37.5"
"OWEN TIPPETT","","R","23","PHI","63","1","2","3","21","32.0","01:42","13:25","107:04","1.7","25"
"ESA LINDELL","","D","28","DAL","76","0","3","3","7","8.9","00:26","22:03","033:01","5.5","75"
"BRETT PESCE","","D","27","CAR","70","1","2","3","6","10.3","00:27","21:42","031:26","5.7","100"
"SCOTT PERUNOVICH","","D","23","STL","19","0","3","3","4","42.9","02:02","15:27","038:31","4.7","50"
"WARREN FOEGELE","","L","26","EDM","82","2","1","3","11","12.1","00:33","12:37","045:04","4.0","50"
"JOEL FARABEE","","C","22","PHI","63","1","2","3","19","46.5","02:29","17:35","155:59","1.2","33.3"
"SCOTT REEDY","","R","23","S.J","35","3","0","3","9","35.6","01:33","11:11","054:21","3.3","50"
"FREDERICK GAUDREAU","","C","29","MIN","76","1","2","3","21","33.2","01:43","16:19","130:27","1.4","33.3"
"JOSH ANDERSON","","R","28","MTL","69","2","1","3","17","42.7","02:07","17:14","146:19","1.2","33.3"
"JEFF PETRY","","D","34","PIT","68","0","3","3","14","33.7","01:43","22:07","116:59","1.5","50"
"RASMUS SANDIN","","D","22","TOR","51","0","3","3","5","30.7","01:21","16:58","068:50","2.6","33.3"
"PIUS SUTER","","C","26","DET","82","0","3","3","14","28.6","01:20","16:56","109:41","1.6","75"
"JOE THORNTON","","L","43","","34","3","0","3","6","27.4","01:19","11:09","044:38","4.0","75"
"MACKENZIE WEEGAR","","D","28","FLA","80","1","2","3","10","13.0","00:40","23:22","053:01","3.4","60"
"WILLIAM EKLUND","","C","19","S.J","9","0","3","3","5","40.5","02:15","14:20","020:15","8.9","60"
"JOONAS DONSKOI","","R","30","SEA","75","0","3","3","11","24.6","01:08","14:49","084:34","2.1","37.5"
"CONOR GARLAND","","L","26","VAN","77","1","2","3","17","33.1","01:36","16:24","123:02","1.5","50"
"TANNER PEARSON","","L","29","VAN","68","1","2","3","15","32.5","01:37","16:03","109:41","1.6","30"
"BEN CHIAROT","","D","31","DET","74","2","1","3","5","19.5","00:59","22:51","072:37","2.5","75"
"COLIN MILLER","","D","29","DAL","38","0","3","3","11","31.0","01:27","18:59","055:21","3.3","37.5"
"MIKE REILLY","","D","29","BOS","70","0","3","3","10","15.0","00:41","18:56","047:56","3.8","75"
"TANNER JEANNOT","","R","25","NSH","81","2","1","3","5","10.2","00:30","15:59","040:40","4.4","60"
"KALE CLAGUE","","D","24","BUF","36","0","3","3","4","33.0","01:41","16:44","060:48","3.0","100"
"OLIVER KYLINGTON","","D","25","CGY","73","1","2","3","15","22.2","01:04","18:09","077:23","2.3","37.5"
"CARTER VERHAEGHE","","L","26","FLA","78","0","3","3","10","22.1","01:06","16:02","085:31","2.1","50"
"GABRIEL VILARDI","","R","22","L.A","25","2","0","2","12","34.8","01:47","13:31","044:40","2.7","66.7"
"ADAM GAUDETTE","","R","25","TOR","58","2","0","2","19","24.0","01:09","11:19","066:46","1.8","50"
"JASPER WEATHERBY","","C","24","S.J","50","1","1","2","4","28.3","01:11","11:14","059:23","2.0","25"
"JESPER FAST","","R","30","CAR","82","1","1","2","2","6.3","00:17","14:49","022:54","5.2","100"
"DUNCAN KEITH","","D","39","EDM","64","0","2","2","4","14.0","00:37","19:43","039:22","3.0","50"
"MORGAN FROST","","C","23","PHI","55","1","1","2","15","37.5","01:53","13:55","103:18","1.2","25"
"JORDAN GREENWAY","","L","25","MIN","62","1","1","2","5","13.8","00:43","14:34","044:11","2.7","50"
"CODY EAKIN","","C","31","","69","1","1","2","1","3.2","00:09","13:40","010:17","11.7","100"
"COLE SILLINGER","","C","19","CBJ","79","0","2","2","14","18.7","00:51","13:42","067:20","1.8","50"
"TIMOTHY LILJEGREN","","D","23","TOR","61","1","1","2","1","6.8","00:17","16:24","017:42","6.8","100"
"ZACH SANFORD","","L","27","NSH","80","1","1","2","14","28.1","01:18","14:18","104:13","1.2","22.2"
"LUKE KUNIN","","L","24","S.J","82","0","2","2","15","19.2","00:57","13:50","077:30","1.5","40"
"MAX COMTOIS","","L","23","ANA","52","0","2","2","10","34.6","01:36","14:08","083:22","1.4","25"
"J.J. MOSER","","D","22","ARI","43","1","1","2","3","28.1","01:13","18:42","052:11","2.3","50"
"MICHAEL RASMUSSEN","","C","23","DET","80","0","2","2","11","19.0","00:53","14:31","070:47","1.7","33.3"
"FRANK VATRANO","","R","28","ANA","71","1","1","2","13","16.9","00:49","13:10","057:42","2.1","50"
"ZACK KASSIAN","","R","31","ARI","58","2","0","2","3","6.6","00:18","11:47","017:16","6.9","66.7"
"JOHN MARINO","","D","25","N.J","81","0","2","2","8","19.2","00:55","20:38","074:46","1.6","50"
"VLADIMIR TKACHEV","","L","26","","4","0","2","2","0","58.1","02:38","13:59","010:33","11.4","66.7"
"NILS LUNDKVIST","","D","21","NYR","25","1","1","2","11","25.0","01:13","13:56","030:21","4.0","100"
"JASON ZUCKER","","L","30","PIT","41","2","0","2","16","33.7","01:31","14:49","061:58","1.9","28.6"
"RYAN POEHLING","","C","23","PIT","57","2","0","2","11","28.2","01:22","12:12","077:47","1.5","40"
"KYLE CAPOBIANCO","","D","24","WPG","45","1","1","2","4","14.2","00:34","16:00","025:38","4.7","100"
"MASON MARCHMENT","","L","27","DAL","54","1","1","2","8","17.1","00:52","14:07","046:35","2.6","40"
"MIKE MATHESON","","D","28","MTL","74","0","2","2","10","14.8","00:43","18:48","052:33","2.3","50"
"MICHAEL STONE","","D","32","","11","1","1","2","7","22.5","00:58","17:27","010:38","11.3","100"
"KENT JOHNSON","","L","19","CBJ","9","0","2","2","1","25.9","01:21","12:27","012:10","9.9","100"
"CARSON SOUCY","","D","27","SEA","64","0","2","2","10","16.4","00:43","17:40","045:43","2.6","40"
"KAAPO KAKKO","","R","21","NYR","43","1","1","2","8","28.1","01:14","15:26","052:59","2.3","25"
"JAMES NEAL","","L","34","","19","1","1","2","11","37.2","01:45","11:58","033:15","3.6","40"
"ANDREW POTURALSKI","","C","28","SEA","2","0","2","2","1","31.3","01:28","10:09","002:56","40.9","100"
"RYAN MERKLEY","","D","21","S.J","39","0","2","2","4","34.3","01:24","15:23","054:17","2.2","50"
"DANIEL SPRONG","","R","25","","63","2","0","2","16","25.2","01:12","12:59","075:24","1.6","50"
"RASMUS KUPARI","","C","22","L.A","57","1","1","2","4","9.9","00:32","11:48","030:04","4.0","40"
"ISAAC RATCLIFFE","","L","23","PHI","10","0","2","2","0","19.4","01:02","10:45","010:16","11.7","100"
"MATT ROY","","D","27","L.A","67","0","2","2","8","14.3","00:44","20:59","049:35","2.4","66.7"
"MICHAEL DEL ZOTTO","","D","32","FLA","26","1","1","2","5","27.4","01:24","18:15","036:12","3.3","66.7"
"RYAN MCDONAGH","","D","33","NSH","71","0","2","2","1","7.5","00:24","22:27","028:02","4.3","200"
"SEBASTIAN AHO","","D","26","NYI","36","0","2","2","5","17.7","00:44","16:27","026:38","4.5","66.7"
"DERICK BRASSARD","","L","34","","46","1","1","2","14","31.4","01:32","12:55","070:34","1.7","66.7"
"MARTIN FRK","","R","28","STL","6","2","0","2","8","51.4","03:33","14:02","021:17","5.6","100"
"BRANDON TANEV","","R","30","SEA","30","2","0","2","3","4.7","00:13","14:36","006:26","18.7","100"
"JORDAN SPENCE","","D","21","L.A","24","0","2","2","6","34.0","01:42","19:45","040:37","3.0","66.7"
"WILL BUTCHER","","D","27","","37","0","2","2","3","16.1","00:41","16:25","025:11","4.8","50"
"NICHOLAS PAUL","","C","27","T.B","80","2","0","2","9","10.0","00:29","16:31","039:08","3.1","100"
"LARS ELLER","","C","33","WSH","72","0","2","2","9","21.3","01:09","16:07","082:31","1.5","33.3"
"TYLER JOHNSON","","R","31","CHI","26","0","2","2","6","38.6","02:15","12:59","058:29","2.1","33.3"
"TREVOR MOORE","","R","27","L.A","81","1","1","2","20","20.1","01:02","15:41","083:46","1.4","28.6"
"BRAD HUNT","","D","33","COL","50","0","2","2","7","24.8","01:06","15:15","055:09","2.2","50"
"JORDAN STAAL","","C","33","CAR","78","1","1","2","5","15.7","00:42","16:38","055:02","2.2","33.3"
"RYAN ELLIS","","D","31","PHI","4","0","2","2","1","38.6","01:40","22:48","006:38","18.1","66.7"
"ROBIN SALO","","D","23","NYI","21","0","2","2","6","31.2","01:30","16:41","031:25","3.8","66.7"
"DEREK GRANT","","L","32","ANA","71","2","0","2","6","10.4","00:29","14:19","034:11","3.5","66.7"
"ALEXIS LAFRENIERE","","L","20","NYR","79","0","2","2","13","28.1","01:11","14:00","093:25","1.3","33.3"
"ADAM LOWRY","","C","29","WPG","79","0","2","2","5","17.8","00:54","15:29","071:26","1.7","28.6"
"ANTHONY MANTHA","","R","27","WSH","37","0","2","2","8","33.9","01:52","15:10","068:46","1.7","33.3"
"TARO HIROSE","","L","26","DET","15","1","1","2","2","32.3","01:38","10:40","024:37","4.9","100"
"JACOB PETERSON","","L","23","DAL","65","0","1","1","4","13.9","00:42","11:04","045:51","1.3","50"
"IAN MITCHELL","","D","23","CHI","8","0","1","1","0","4.3","00:13","11:56","001:44","34.6","100"
"QUINTON BYFIELD","","C","19","L.A","40","0","1","1","3","11.4","00:34","12:09","022:24","2.7","50"
"ALEX GALCHENYUK","","C","28","","60","0","1","1","9","20.6","00:49","13:09","049:29","1.2","50"
"ANDREAS JOHNSSON","","L","27","N.J","71","1","0","1","7","23.6","01:04","14:22","076:11","0.8","33.3"
"RYAN DONATO","","L","26","","74","1","0","1","34","39.7","01:48","13:48","133:28","0.4","14.3"
"ADAM LARSSON","","D","29","SEA","82","0","1","1","0","2.3","00:06","22:17","008:39","6.9","50"
"RICHARD PANIK","","R","31","NYI","4","0","1","1","0","43.8","03:22","14:55","013:27","4.5","100"
"LOUI ERIKSSON","","R","37","","73","0","1","1","1","5.0","00:12","12:55","014:46","4.1","50"
"EETU LUOSTARINEN","","C","23","FLA","78","0","1","1","2","1.9","00:06","13:26","007:19","8.2","50"
"TYLER MYERS","","D","32","VAN","82","0","1","1","4","7.2","00:21","21:59","028:51","2.1","100"
"JACK AHCAN","","D","25","BOS","6","1","0","1","1","15.6","00:32","16:02","003:10","18.9","100"
"VICTOR METE","","D","24","TOR","37","0","1","1","0","11.5","00:31","14:37","018:53","3.2","50"
"ALEXANDER KERFOOT","","L","27","TOR","82","0","1","1","0","2.6","00:07","15:13","009:10","6.5","100"
"ALEKSI HEPONIEMI","","C","23","FLA","6","0","1","1","0","2.0","00:07","14:02","000:42","85.7","100"
"BOBBY BRINK","","R","21","PHI","10","0","1","1","2","55.6","03:02","15:27","030:18","2.0","100"
"NICK BLANKENBURG","","D","24","CBJ","7","1","0","1","1","12.9","00:38","17:34","004:25","13.6","50"
"LIAS ANDERSSON","","C","23","L.A","20","0","1","1","1","11.1","00:36","10:37","011:58","5.0","100"
"COLE PERFETTI","","R","20","WPG","18","0","1","1","4","23.8","01:16","14:09","022:44","2.6","100"
"JACOB MIDDLETON","","D","26","MIN","66","0","1","1","2","3.4","00:11","18:41","011:47","5.1","50"
"JUSTIN DANFORTH","","C","29","CBJ","45","0","1","1","3","6.1","00:17","12:34","012:45","4.7","50"
"SHELDON DRIES","","C","28","VAN","11","1","0","1","1","21.5","00:55","10:18","010:07","5.9","50"
"NICK BJUGSTAD","","R","30","ARI","57","1","0","1","2","2.5","00:08","10:16","007:36","7.9","50"
"JACK QUINN","","R","20","BUF","2","1","0","1","3","54.6","02:59","14:53","005:58","10.1","100"
"NOLAN PATRICK","","C","23","VGK","25","0","1","1","6","36.8","01:40","11:30","041:40","1.4","50"
"LOGAN BROWN","","C","24","STL","39","0","1","1","2","7.8","00:22","10:11","014:25","4.2","100"
"NICO STURM","","C","27","S.J","74","1","0","1","1","1.1","00:03","11:54","004:05","14.7","50"
"VINNIE HINOSTROZA","","R","28","BUF","62","1","0","1","1","3.8","00:11","13:54","011:14","5.3","100"
"MATIAS MACCELLI","","L","21","ARI","23","0","1","1","0","31.3","01:14","14:12","028:27","2.1","100"
"REM PITLICK","","L","25","MTL","66","0","1","1","9","28.2","01:25","14:59","093:44","0.6","25"
"SHANE PINTO","","C","21","OTT","5","0","1","1","0","28.8","01:04","12:57","005:19","11.3","50"
"NOAH CATES","","L","23","PHI","16","1","0","1","1","0.8","00:03","13:15","000:44","81.8","100"
"WAYNE SIMMONDS","","R","33","TOR","72","0","1","1","1","5.1","00:13","09:20","015:42","3.8","50"
"FILIP CHYTIL","","C","22","NYR","67","0","1","1","10","26.0","01:04","13:10","071:14","0.8","25"
"VLADISLAV NAMESTNIKOV","","C","29","T.B","75","0","1","1","1","9.6","00:26","14:39","032:29","1.8","25"
"K'ANDRE MILLER","","D","22","NYR","82","1","0","1","6","10.4","00:26","20:37","035:43","1.7","50"
"JOHN LEONARD","","L","23","NSH","14","0","1","1","1","20.9","00:49","11:17","011:20","5.3","100"
"MASON MCTAVISH","","C","19","ANA","9","0","1","1","0","44.1","01:59","13:05","017:52","3.4","33.3"
"RYAN CARPENTER","","C","31","NYR","67","0","1","1","3","7.1","00:22","12:35","024:12","2.5","50"
"DOMINIK SIMON","","L","27","","72","0","1","1","4","8.9","00:24","10:17","028:54","2.1","100"
"OSKAR LINDBLOM","","L","25","S.J","79","0","1","1","8","11.3","00:34","13:48","045:17","1.3","50"
"RASMUS RISTOLAINEN","","D","27","PHI","66","0","1","1","8","13.4","00:41","21:26","044:59","1.3","50"
"MATTHEW HIGHMORE","","R","26","STL","46","1","0","1","2","2.6","00:08","12:42","005:50","10.3","100"
"BRANDON CARLO","","D","25","BOS","79","0","1","1","0","1.3","00:04","19:42","004:49","12.5","100"
"SEAN KURALY","","C","29","CBJ","77","0","1","1","1","4.3","00:12","15:51","014:49","4.0","25"
"NICK FOLIGNO","","L","34","BOS","64","0","1","1","7","24.0","01:06","12:28","070:36","0.8","16.7"
"NICK HOLDEN","","D","35","OTT","76","0","1","1","1","1.9","00:05","19:51","006:56","8.7","0"
"ALEX BARRE-BOULET","","R","25","T.B","16","0","1","1","4","38.3","01:43","11:00","027:21","2.2","50"
"SAM GAGNER","","R","32","","81","0","1","1","6","13.8","00:39","13:37","052:15","1.1","33.3"
"TYLER BOZAK","","C","36","","50","0","1","1","1","7.5","00:19","12:10","016:12","3.7","50"
"THOMAS BORDELEAU","","C","20","S.J","8","0","1","1","3","54.7","01:40","15:35","013:18","4.5","33.3"
"COLTON PARAYKO","","D","29","STL","80","0","1","1","3","6.0","00:17","23:33","022:17","2.7","20"
"NICK MERKLEY","","R","25","","9","0","1","1","1","33.5","01:13","12:25","010:54","5.5","100"
"BRETT MURRAY","","L","23","BUF","19","0","1","1","1","14.6","00:35","12:58","011:03","5.4","100"
"TREVOR LEWIS","","C","35","CGY","80","0","1","1","0","1.8","00:05","12:50","006:53","8.7","100"
"HENRIK BORGSTROM","","L","24","WSH","52","0","1","1","3","13.3","00:38","10:31","033:15","1.8","50"
"JOE SNIVELY","","C","26","WSH","12","1","0","1","2","5.3","00:18","11:33","003:38","16.5","100"
"ALEXANDER HOLTZ","","R","20","N.J","9","0","1","1","4","49.5","02:14","12:16","020:06","3.0","100"
"JESPER BOQVIST","","C","23","N.J","56","0","1","1","1","10.8","00:30","13:06","027:38","2.2","50"
"COREY SCHUENEMAN","","D","26","MTL","24","0","1","1","3","9.5","00:30","16:36","011:50","5.1","100"
"MICHAEL MCCARRON","","C","27","NSH","51","0","1","1","0","0.9","00:03","10:23","002:15","26.7","100"
"SEAN WALKER","","D","27","L.A","6","0","1","1","2","29.7","01:46","18:22","010:36","5.7","100"
"BOWEN BYRAM","","D","21","COL","30","1","0","1","4","17.1","00:58","18:48","029:03","2.1","100"
"ETHAN BEAR","","D","25","CAR","58","0","1","1","9","12.9","00:35","16:05","033:31","1.8","20"
"LASSI THOMSON","","D","21","OTT","16","0","1","1","7","21.9","01:10","17:14","018:41","3.2","50"
"ERIK JOHNSON","","D","34","COL","77","0","1","1","7","4.3","00:14","17:17","017:54","3.4","33.3"
"JANNE KUOKKANEN","","R","24","","57","1","0","1","2","4.9","00:13","13:29","012:08","4.9","100"
"YEGOR CHINAKHOV","","L","21","CBJ","62","1","0","1","14","25.5","01:14","12:30","076:14","0.8","16.7"
"CALEB JONES","","D","25","CHI","51","0","1","1","4","7.6","00:21","16:43","017:27","3.4","33.3"
"BRADEN SCHNEIDER","","D","20","NYR","43","0","1","1","0","2.3","00:05","15:29","003:43","16.1","100"
"SCOTT LAUGHTON","","L","28","PHI","67","0","1","1","6","11.9","00:37","16:26","040:55","1.5","33.3"
"JAKOB CHYCHRUN","","D","24","ARI","47","1","0","1","22","46.3","01:53","22:59","088:41","0.7","33.3"
"NIC PETAN","","R","27","MIN","18","0","1","1","3","22.7","00:54","10:18","016:04","3.7","100"
"CHRISTIAN FISCHER","","C","25","ARI","53","1","0","1","9","23.5","01:01","13:07","053:54","1.1","50"
"KEEGAN KOLESAR","","R","25","VGK","77","1","0","1","5","10.6","00:29","12:40","037:03","1.6","33.3"
"DOMINIC TONINATO","","C","28","WPG","77","0","1","1","1","0.9","00:03","08:24","003:14","18.6","100"
"GERRY MAYHEW","","R","29","FLA","40","1","0","1","3","20.5","00:56","13:11","037:14","1.6","25"
"VICTOR RASK","","L","29","","47","0","1","1","6","17.0","00:45","12:12","035:08","1.7","50"
"DRAKE CAGGIULA","","L","28","PIT","18","0","1","1","1","2.9","00:08","14:38","002:22","25.4","100"
"SAMI NIKU","","D","25","","13","0","1","1","3","37.3","02:06","15:17","027:15","2.2","100"
"MATHIEU PERREAULT","","L","34","","25","0","1","1","3","26.1","01:22","11:15","034:08","1.8","20"
"TJ BRODIE","","D","32","TOR","82","0","1","1","0","4.1","00:11","21:19","014:32","4.1","50"
"CONNOR DEWAR","","C","23","MIN","35","0","1","1","0","0.8","00:03","09:53","001:28","40.9","100"
"NIC DOWD","","C","32","WSH","64","0","1","1","1","1.3","00:04","14:16","004:41","12.8","100"
"JAKE WALMAN","","D","26","DET","51","0","1","1","4","9.3","00:25","14:01","021:17","2.8","0"
"ALIAKSEI PROTAS","","C","21","WSH","33","0","1","1","2","19.7","00:59","11:50","032:29","1.8","50"
"URHO VAAKANAINEN","","D","23","ANA","29","0","1","1","1","9.1","00:22","19:19","010:24","5.8","50"
"RADEK FAKSA","","C","28","DAL","77","1","0","1","1","2.0","00:06","15:46","007:31","8.0","100"
"ANDREAS ATHANASIOU","","L","27","","28","0","1","1","10","31.6","01:37","15:14","045:15","1.3","50"
"BRENDAN SMITH","","D","33","N.J","45","0","0","0","1","0.3","00:01","13:55","000:39","0.0","0"
"JOEL KIVIRANTA","","L","26","DAL","56","0","0","0","0","0.3","00:01","09:31","000:39","0.0","0"
"CHRISTIAN WOLANIN","","D","27","VAN","9","0","0","0","0","16.9","00:53","14:42","007:53","0.0","0"
"JUJHAR KHAIRA","","L","27","CHI","27","0","0","0","0","0.7","00:02","13:36","001:02","0.0","0"
"BROCK MCGINN","","R","28","PIT","64","0","0","0","0","0.5","00:01","15:00","001:35","0.0","0"
"LUCAS CARLSSON","","D","25","FLA","40","0","0","0","3","1.5","00:05","12:43","003:11","0.0","0"
"BLAKE LIZOTTE","","C","24","L.A","70","0","0","0","1","2.5","00:08","12:10","009:11","0.0","0"
"ANDREJ SEKERA","","D","36","","32","0","0","0","0","0.3","00:01","13:43","000:23","0.0","0"
"CHAD RUHWEDEL","","D","32","PIT","78","0","0","0","0","0.1","00:00","15:20","000:22","0.0","0"
"KIRILL SEMYONOV","","C","27","","3","0","0","0","0","0.0","00:00","10:02","000:00","0.0","0"
"MATT NIETO","","R","29","S.J","70","0","0","0","0","1.6","00:04","14:24","004:51","0.0","0"
"PIERRE-EDOUARD BELLEMARE","","C","37","T.B","80","0","0","0","0","0.7","00:02","13:45","002:44","0.0","0"
"DILLON HEATHERINGTON","","D","27","OTT","9","0","0","0","0","7.0","00:23","12:20","003:28","0.0","0"
"DARREN HELM","","C","35","COL","68","0","0","0","0","0.7","00:02","10:33","002:39","0.0","0"
"RAFAEL HARVEY-PINARD","","L","23","MTL","4","0","0","0","1","31.4","01:52","13:05","007:28","0.0","0"
"MICHAEL CARCONE","","L","26","ARI","21","0","0","0","3","7.4","00:17","12:19","005:53","0.0","0"
"KOLE LIND","","R","23","SEA","23","0","0","0","0","2.7","00:05","11:50","002:02","0.0","0"
"MADISON BOWEY","","D","27","MTL","2","0","0","0","0","0.0","00:00","15:44","000:00","0.0","0"
"RYAN MURRAY","","D","28","","37","0","0","0","0","0.5","00:02","14:05","001:03","0.0","0"
"ANDREW AGOZZINO","","C","31","S.J","1","0","0","0","0","0.0","00:00","06:52","000:00","0.0","0"
"SAMPO RANTA","","L","22","COL","10","0","0","0","1","22.7","01:28","10:54","014:41","0.0","0"
"REMI ELIE","","L","27","","1","0","0","0","0","17.1","01:13","10:57","001:13","0.0","0"
"HUDSON FASCHING","","R","26","","11","0","0","0","0","0.0","00:00","09:53","000:00","0.0","0"
"CODY CECI","","D","28","EDM","78","0","0","0","0","0.8","00:02","20:54","002:45","0.0","0"
"LUCAS JOHANSEN","","D","24","WSH","1","0","0","0","0","0.0","00:00","12:18","000:00","0.0","0"
"MASON GEERTSEN","","L","27","","25","0","0","0","0","0.3","00:01","06:57","000:18","0.0","0"
"GARRETT PILON","","C","24","WSH","2","0","0","0","0","0.0","00:00","09:25","000:00","0.0","0"
"TIM GETTINGER","","L","24","NYR","8","0","0","0","0","0.7","00:01","09:28","000:11","0.0","0"
"MARTIN KAUT","","R","22","COL","6","0","0","0","0","27.8","01:42","08:49","010:13","0.0","0"
"HAYDN FLEURY","","D","26","T.B","36","0","0","0","1","3.5","00:11","16:17","006:28","0.0","0"
"MARK KASTELIC","","C","23","OTT","16","0","0","0","0","4.5","00:14","09:11","003:38","0.0","0"
"MARCO ROSSI","","C","20","MIN","2","0","0","0","2","46.2","03:11","15:35","006:22","0.0","0"
"MIKE HARDMAN","","L","23","CHI","21","0","0","0","1","3.7","00:12","09:18","004:17","0.0","0"
"SCOTT MAYFIELD","","D","29","NYI","61","0","0","0","1","1.4","00:04","19:46","003:42","0.0","0"
"SVEN BAERTSCHI","","L","29","","1","0","0","0","0","0.8","00:02","13:54","000:02","0.0","0"
"DEREK RYAN","","C","35","EDM","75","0","0","0","0","1.5","00:04","11:26","005:15","0.0","0"
"EGOR ZAMULA","","D","22","PHI","10","0","0","0","0","0.2","00:01","16:21","000:07","0.0","0"
"MATT BENNING","","D","28","S.J","65","0","0","0","0","0.7","00:02","16:20","002:05","0.0","0"
"TRAVIS SANHEIM","","D","26","PHI","80","0","0","0","2","13.2","00:41","22:58","054:11","0.0","0"
"KYLE BURROUGHS","","D","27","VAN","42","0","0","0","1","0.3","00:01","12:56","000:43","0.0","0"
"ZACH SENYSHYN","","R","25","","2","0","0","0","0","0.0","00:00","06:32","000:00","0.0","0"
"DEVIN SHORE","","C","28","EDM","49","0","0","0","2","0.4","00:01","09:34","000:53","0.0","0"
"JAY BEAGLE","","C","36","","33","0","0","0","0","2.8","00:07","13:47","003:50","0.0","0"
"MAX WILLMAN","","C","27","PHI","41","0","0","0","0","0.5","00:02","11:46","001:04","0.0","0"
"WILLIAM LOCKWOOD","","R","24","VAN","13","0","0","0","0","2.8","00:07","11:20","001:31","0.0","0"
"BRETT HOWDEN","","C","24","VGK","47","0","0","0","0","0.9","00:02","10:39","001:40","0.0","0"
"JAKUB GALVAS","","D","23","CHI","6","0","0","0","1","32.4","01:35","18:10","009:28","0.0","0"
"ALEC MARTINEZ","","D","34","VGK","26","0","0","0","0","12.8","00:29","19:33","012:31","0.0","0"
"PAUL LADUE","","D","29","","1","0","0","0","0","1.3","00:09","12:47","000:09","0.0","0"
"VLADISLAV KOLYACHONOK","","D","21","ARI","32","0","0","0","0","0.5","00:01","15:52","000:33","0.0","0"
"ILYA LYUBUSHKIN","","D","28","BUF","77","0","0","0","0","0.8","00:02","17:27","002:33","0.0","0"
"TUCKER POOLMAN","","D","29","VAN","40","0","0","0","1","1.6","00:05","17:00","003:22","0.0","0"
"SAMUEL FAGEMO","","L","22","L.A","4","0","0","0","0","19.9","01:20","13:43","005:19","0.0","0"
"JOHN MOORE","","D","31","ANA","7","0","0","0","0","5.9","00:15","17:34","001:46","0.0","0"
"ANTON STRALMAN","","D","35","","74","0","0","0","0","3.4","00:08","21:21","010:27","0.0","0"
"JONNY BRODZINSKI","","C","29","NYR","22","0","0","0","0","1.0","00:02","10:51","000:51","0.0","0"
"JON MERRILL","","D","30","MIN","69","0","0","0","1","0.6","00:02","17:06","002:02","0.0","0"
"BRENDAN GUHLE","","D","24","","6","0","0","0","0","0.0","00:00","14:40","000:00","0.0","0"
"TROY STECHER","","D","28","ARI","29","0","0","0","1","2.5","00:07","16:40","003:35","0.0","0"
"GABRIEL FORTIER","","L","22","T.B","10","0","0","0","0","0.1","00:00","09:18","000:02","0.0","0"
"NICHOLAS ABRUZZESE","","L","23","TOR","9","0","0","0","1","25.0","01:01","10:13","009:13","0.0","0"
"KYLE CLIFFORD","","L","31","TOR","25","0","0","0","0","0.3","00:01","08:48","000:18","0.0","0"
"JAKE EVANS","","C","26","MTL","72","0","0","0","2","6.3","00:19","15:36","022:50","0.0","0"
"KYLE CRISCUOLO","","C","30","DET","6","0","0","0","0","0.0","00:00","09:33","000:00","0.0","0"
"KAEDAN KORCZAK","","D","21","VGK","1","0","0","0","0","0.0","00:00","16:37","000:00","0.0","0"
"CEDRIC PAQUETTE","","C","28","","24","0","0","0","1","1.9","00:06","08:52","002:12","0.0","0"
"TRENT FREDERIC","","L","24","BOS","60","0","0","0","2","1.5","00:04","11:39","004:10","0.0","0"
"MACKENZIE MACEACHERN","","L","28","CAR","14","0","0","0","0","0.1","00:00","07:58","000:05","0.0","0"
"SCOTT SABOURIN","","R","29","OTT","7","0","0","0","0","0.0","00:00","07:36","000:00","0.0","0"
"DAVID SAVARD","","D","31","MTL","62","0","0","0","0","1.3","00:04","20:47","003:41","0.0","0"
"ADAM RUZICKA","","C","23","CGY","28","0","0","0","0","4.6","00:14","10:13","006:22","0.0","0"
"KARSON KUHLMAN","","L","26","SEA","44","0","0","0","0","0.6","00:02","11:54","001:14","0.0","0"
"LUKE WITKOWSKI","","D","32","STL","1","0","0","0","0","0.0","00:00","09:18","000:00","0.0","0"
"JUSTIN BAILEY","","R","27","","14","0","0","0","0","0.1","00:00","09:05","000:03","0.0","0"
"MICHAEL AMADIO","","C","26","VGK","56","0","0","0","0","1.1","00:03","12:10","002:54","0.0","0"
"LAURENT DAUPHIN","","C","27","ARI","38","0","0","0","1","3.6","00:11","13:18","006:50","0.0","0"
"DERRICK POULIOT","","D","28","","11","0","0","0","0","1.9","00:03","15:30","000:36","0.0","0"
"BLAKE COMEAU","","L","36","","6","0","0","0","0","0.2","00:01","11:28","000:03","0.0","0"
"DANTE FABBRO","","D","24","NSH","66","0","0","0","1","3.0","00:09","19:03","009:52","0.0","0"
"MASON SHAW","","C","23","MIN","3","0","0","0","0","0.0","00:00","08:59","000:00","0.0","0"
"SASHA CHMELEVSKI","","R","23","S.J","19","0","0","0","0","2.8","00:06","13:11","001:56","0.0","0"
"JAKUB ZBORIL","","D","25","BOS","10","0","0","0","0","1.3","00:04","15:44","000:41","0.0","0"
"BEN HARPUR","","D","27","","19","0","0","0","0","0.0","00:00","13:44","000:00","0.0","0"
"LIBOR HAJEK","","D","24","NYR","17","0","0","0","0","0.3","00:01","13:08","000:14","0.0","0"
"CARL DAHLSTROM","","D","27","TOR","3","0","0","0","0","0.0","00:00","13:39","000:00","0.0","0"
"JORDIE BENN","","D","34","TOR","39","0","0","0","2","0.8","00:03","14:59","001:39","0.0","0"
"ZACH ASTON-REESE","","R","27","","69","0","0","0","1","0.5","00:01","13:02","001:36","0.0","0"
"NIKITA ZAITSEV","","D","30","OTT","62","0","0","0","2","1.1","00:03","18:59","003:24","0.0","0"
"CONNOR MACKEY","","D","25","CGY","3","0","0","0","0","2.5","00:10","13:35","000:31","0.0","0"
"BRETT LEASON","","R","23","WSH","36","0","0","0","0","0.2","00:01","08:57","000:25","0.0","0"
"ALEXEI TOROPCHENKO","","L","23","STL","28","0","0","0","0","0.3","00:01","10:43","000:26","0.0","0"
"ROCCO GRIMALDI","","R","29","","7","0","0","0","0","1.0","00:03","10:56","000:23","0.0","0"
"ADAM ERNE","","L","27","DET","79","0","0","0","3","19.5","00:55","13:23","072:08","0.0","0"
"JORDAN OESTERLE","","D","30","DET","45","0","0","0","0","7.4","00:18","18:19","013:43","0.0","0"
"BRETT SENEY","","L","26","CHI","2","0","0","0","0","0.0","00:00","07:01","000:00","0.0","0"
"NIKO MIKKOLA","","D","26","STL","54","0","0","0","0","1.1","00:03","16:59","002:45","0.0","0"
"LINUS HOGBERG","","D","23","PHI","5","0","0","0","0","0.0","00:00","17:04","000:00","0.0","0"
"PATRIK NEMETH","","D","30","ARI","63","0","0","0","0","1.6","00:04","16:38","004:11","0.0","0"
"JESPER FRODEN","","R","27","SEA","7","0","0","0","2","21.5","00:57","12:55","006:38","0.0","0"
"JAKE NEIGHBOURS","","L","20","STL","9","0","0","0","0","0.1","00:00","09:21","000:01","0.0","0"
"MARC STAAL","","D","35","FLA","71","0","0","0","0","0.5","00:02","17:24","001:49","0.0","0"
"JOSEPH CRAMAROSSA","","C","29","MIN","1","0","0","0","0","0.0","00:00","06:55","000:00","0.0","0"
"JAYCOB MEGNA","","D","29","S.J","44","0","0","0","0","0.8","00:02","19:08","001:35","0.0","0"
"GREG PATERYN","","D","32","","10","0","0","0","0","0.4","00:02","14:07","000:15","0.0","0"
"JORDAN GROSS","","D","27","NSH","1","0","0","0","0","0.0","00:00","08:19","000:00","0.0","0"
"ANDREJ SUSTR","","D","31","MIN","38","0","0","0","0","0.3","00:01","14:43","000:34","0.0","0"
"CHRIS WAGNER","","R","31","BOS","1","0","0","0","0","0.0","00:00","15:57","000:00","0.0","0"
"CASEY FITZGERALD","","D","25","BUF","36","0","0","0","0","1.8","00:05","16:47","003:01","0.0","0"
"CAL FOOTE","","D","23","T.B","56","0","0","0","0","0.8","00:03","13:07","002:30","0.0","0"
"DYLAN DEMELO","","D","29","WPG","76","0","0","0","1","0.4","00:01","18:30","001:42","0.0","0"
"CARL HAGELIN","","L","33","WSH","53","0","0","0","0","0.6","00:02","14:14","001:31","0.0","0"
"BLAKE SPEERS","","C","25","","2","0","0","0","0","0.0","00:00","09:10","000:00","0.0","0"
"AUSTIN WATSON","","R","30","OTT","67","0","0","0","1","1.6","00:05","11:59","005:10","0.0","0"
"JANSEN HARKINS","","R","25","WPG","77","0","0","0","0","1.0","00:03","09:29","003:57","0.0","0"
"HENDRIX LAPIERRE","","C","20","WSH","6","0","0","0","0","15.4","00:57","09:35","005:44","0.0","0"
"RILEY BARBER","","R","28","DAL","4","0","0","0","1","21.6","00:57","08:27","003:49","0.0","0"
"KIEFER SHERWOOD","","R","27","NSH","11","0","0","0","1","10.0","00:34","08:34","006:19","0.0","0"
"DARREN RADDYSH","","D","26","T.B","4","0","0","0","0","0.0","00:00","10:40","000:00","0.0","0"
"BRAD RICHARDSON","","C","37","","44","0","0","0","0","1.1","00:03","10:18","002:12","0.0","0"
"TREVOR VAN RIEMSDYK","","D","30","WSH","72","0","0","0","1","3.0","00:10","17:28","011:30","0.0","0"
"COOPER MARODY","","C","25","PHI","1","0","0","0","0","5.5","00:11","06:04","000:11","0.0","0"
"CHRISTOPHER TANEV","","D","32","CGY","82","0","0","0","3","5.1","00:15","20:28","020:00","0.0","0"
"BEN MCCARTNEY","","L","21","ARI","2","0","0","0","0","0.0","00:00","14:03","000:00","0.0","0"
"MIKEY ANDERSON","","D","23","L.A","57","0","0","0","0","2.1","00:07","20:07","006:24","0.0","0"
"CJ SUESS","","L","28","S.J","3","0","0","0","0","0.3","00:01","05:43","000:03","0.0","0"
"JANI HAKANPAA","","D","30","DAL","80","0","0","0","0","0.8","00:02","16:13","003:03","0.0","0"
"MACKENZIE ENTWISTLE","","R","23","CHI","55","0","0","0","0","1.6","00:05","10:15","004:40","0.0","0"
"PAUL BYRON","","L","33","MTL","27","0","0","0","0","5.7","00:18","12:36","007:56","0.0","0"
"RUDOLFS BALCERS","","L","25","FLA","61","0","0","0","1","5.3","00:15","15:02","014:49","0.0","0"
"TANNER KERO","","L","29","DAL","23","0","0","0","0","1.0","00:03","09:34","001:03","0.0","0"
"CALLE ROSEN","","D","28","STL","18","0","0","0","0","2.4","00:07","14:20","002:07","0.0","0"
"MICHAL KEMPNY","","D","31","","15","0","0","0","0","0.3","00:01","15:50","000:13","0.0","0"
"EGOR SOKOLOV","","L","22","OTT","8","0","0","0","2","14.5","00:45","10:22","006:00","0.0","0"
"BRENDAN LEMIEUX","","L","26","L.A","50","0","0","0","2","2.6","00:08","10:45","006:45","0.0","0"
"JAKE MCCABE","","D","28","CHI","75","0","0","0","1","1.9","00:06","20:18","007:09","0.0","0"
"ZAC JONES","","D","21","NYR","12","0","0","0","1","23.5","00:55","15:10","010:58","0.0","0"
"PAUL COTTER","","C","22","VGK","7","0","0","0","0","0.5","00:01","08:49","000:09","0.0","0"
"GEMEL SMITH","","C","28","T.B","3","0","0","0","0","1.0","00:04","06:46","000:11","0.0","0"
"JONAS RONDBJERG","","L","23","VGK","30","0","0","0","1","0.3","00:01","10:01","000:23","0.0","0"
"BRAD MALONE","","C","33","EDM","8","0","0","0","0","0.6","00:03","08:17","000:22","0.0","0"
"MARC-EDOUARD VLASIC","","D","35","S.J","75","0","0","0","0","0.8","00:02","15:13","002:42","0.0","0"
"RYAN GRAVES","","D","27","N.J","75","0","0","0","0","1.4","00:04","20:43","004:40","0.0","0"
"TYSON JOST","","C","24","MIN","80","0","0","0","2","8.3","00:29","12:49","038:17","0.0","0"
"ALEX TURCOTTE","","C","21","L.A","8","0","0","0","0","5.4","00:16","11:15","002:07","0.0","0"
"JORDAN MARTINOOK","","L","29","CAR","59","0","0","0","0","0.5","00:01","11:12","001:26","0.0","0"
"CHRISTIAN JAROS","","D","26","","11","0","0","0","0","1.1","00:02","11:01","000:27","0.0","0"
"JAYSON MEGNA","","R","32","COL","20","0","0","0","0","1.2","00:05","10:17","001:34","0.0","0"
"CHASE PEARSON","","C","24","DET","3","0","0","0","0","0.0","00:00","06:45","000:00","0.0","0"
"KLIM KOSTIN","","C","23","STL","40","0","0","0","0","0.9","00:02","09:01","001:39","0.0","0"
"BRADY SKJEI","","D","28","CAR","82","0","0","0","2","2.8","00:07","21:09","010:07","0.0","0"
"WALKER DUEHR","","R","24","CGY","1","0","0","0","0","0.0","00:00","08:47","000:00","0.0","0"
"LOGAN O'CONNOR","","R","25","COL","81","0","0","0","0","0.5","00:02","13:52","002:17","0.0","0"
"JACOB LARSSON","","D","25","OTT","6","0","0","0","0","0.0","00:00","15:16","000:00","0.0","0"
"ADAM BROOKS","","R","26","PHI","25","0","0","0","0","6.0","00:15","08:57","006:08","0.0","0"
"JAN RUTTA","","D","31","PIT","76","0","0","0","0","0.5","00:01","16:23","001:48","0.0","0"
"P.K. SUBBAN","","D","33","","77","0","0","0","4","12.7","00:35","18:18","045:05","0.0","0"
"EMIL BEMSTROM","","R","23","CBJ","41","0","0","0","11","22.2","01:06","10:31","044:47","0.0","0"
"OSKAR SUNDQVIST","","R","28","DET","59","0","0","0","2","11.1","00:32","14:00","031:31","0.0","0"
"CAMERON HILLIS","","C","22","MTL","1","0","0","0","0","15.7","00:40","10:15","000:40","0.0","0"
"CAL CLUTTERBUCK","","R","34","NYI","59","0","0","0","0","2.0","00:05","14:02","005:02","0.0","0"
"MATT LUFF","","R","25","DET","23","0","0","0","0","1.3","00:04","09:24","001:31","0.0","0"
"JUSTIN BRAUN","","D","35","PHI","69","0","0","0","0","1.1","00:03","19:33","003:48","0.0","0"
"DANNY O'REGAN","","C","28","ANA","5","0","0","0","0","0.0","00:00","10:03","000:00","0.0","0"
"CONNOR MCMICHAEL","","L","21","WSH","68","0","0","0","0","1.7","00:05","10:28","005:55","0.0","0"
"FABIAN ZETTERLUND","","L","22","N.J","14","0","0","0","6","32.3","01:33","13:21","021:37","0.0","0"
"KRIS RUSSELL","","D","35","","31","0","0","0","0","0.8","00:02","15:26","001:07","0.0","0"
"NOLAN FOOTE","","L","21","N.J","7","0","0","0","0","13.2","00:33","10:22","003:48","0.0","0"
"CARL GRUNDSTROM","","L","24","L.A","54","0","0","0","2","4.5","00:15","10:53","013:12","0.0","0"
"JAMIE OLEKSIAK","","D","29","SEA","72","0","0","0","3","1.9","00:05","19:20","005:54","0.0","0"
"GRANT HUTTON","","D","26","NYI","16","0","0","0","0","0.8","00:02","14:11","000:37","0.0","0"
"JACOB MOVERARE","","D","23","L.A","19","0","0","0","0","1.6","00:05","16:20","001:28","0.0","0"
"BEN JONES","","C","23","CGY","2","0","0","0","0","0.3","00:01","08:03","000:02","0.0","0"
"JUSTIN DOWLING","","C","31","VAN","22","0","0","0","0","7.6","00:24","09:36","008:42","0.0","0"
"WILLIAM CARRIER","","L","27","VGK","63","0","0","0","1","1.5","00:04","11:37","004:06","0.0","0"
"RYAN DZINGEL","","C","30","","32","0","0","0","3","14.2","00:40","13:43","021:06","0.0","0"
"NICOLAS HAGUE","","D","23","VGK","52","0","0","0","8","8.7","00:23","18:39","019:44","0.0","0"
"DAN RENOUF","","D","28","BOS","4","0","0","0","0","0.1","00:00","14:00","000:01","0.0","0"
"TYLER PITLICK","","R","30","","39","0","0","0","1","1.2","00:03","10:56","001:54","0.0","0"
"DMITRIJ JASKIN","","R","29","","12","0","0","0","3","32.4","01:23","14:47","016:40","0.0","0"
"OTTO KOIVULA","","C","23","NYI","8","0","0","0","0","12.4","00:31","10:45","004:09","0.0","0"
"RHETT GARDNER","","C","26","DAL","4","0","0","0","0","0.0","00:00","08:06","000:00","0.0","0"
"MORGAN BARRON","","C","23","WPG","27","0","0","0","0","0.5","00:01","09:48","000:38","0.0","0"
"WILLIAM LAGESSON","","D","26","","33","0","0","0","0","0.4","00:01","12:35","000:38","0.0","0"
"DYLAN SAMBERG","","D","23","WPG","15","0","0","0","0","0.5","00:02","14:51","000:23","0.0","0"
"ANTON BLIDH","","L","27","","32","0","0","0","0","0.2","00:01","10:44","000:18","0.0","0"
"VICTOR SODERSTROM","","D","21","ARI","16","0","0","0","1","17.9","00:50","16:19","013:22","0.0","0"
"WILL BORGEN","","D","25","SEA","36","0","0","0","2","0.8","00:02","15:17","001:17","0.0","0"
"DMITRY KULIKOV","","D","31","MIN","80","0","0","0","0","3.0","00:09","18:12","012:27","0.0","0"
"ANDERS BJORK","","L","25","BUF","58","0","0","0","0","1.0","00:03","12:03","002:35","0.0","0"
"JOEY KEANE","","D","23","CAR","1","0","0","0","0","0.0","00:00","13:38","000:00","0.0","0"
"MATTIAS JANMARK","","L","29","EDM","67","0","0","0","4","11.9","00:32","14:21","035:43","0.0","0"
"WADE ALLISON","","R","24","PHI","1","0","0","0","0","14.5","01:11","08:16","001:11","0.0","0"
"OLLI MAATTA","","D","27","DET","66","0","0","0","0","2.4","00:07","18:17","008:09","0.0","0"
"GREGORY HOFMANN","","C","29","","24","0","0","0","2","13.6","00:34","12:30","013:41","0.0","0"
"JOEY ANDERSON","","R","24","TOR","5","0","0","0","0","0.0","00:00","08:46","000:00","0.0","0"
"CONNOR CLIFTON","","D","27","BOS","60","0","0","0","0","0.7","00:02","16:03","001:46","0.0","0"
"STEVEN FOGARTY","","R","29","MIN","2","0","0","0","0","2.2","00:03","10:24","000:06","0.0","0"
"JACK STUDNICKA","","C","23","BOS","15","0","0","0","2","4.4","00:13","12:36","003:11","0.0","0"
"JOSIAH SLAVIN","","L","23","CHI","15","0","0","0","0","0.5","00:01","12:02","000:21","0.0","0"
"DEREK FORBORT","","D","30","BOS","76","0","0","0","1","0.5","00:01","18:07","001:51","0.0","0"
"DANIIL MIROMANOV","","D","25","VGK","11","0","0","0","0","0.0","00:00","09:47","000:00","0.0","0"
"ALEXANDER ROMANOV","","D","22","NYI","79","0","0","0","0","2.1","00:06","20:24","008:23","0.0","0"
"T.J. TYNAN","","C","30","L.A","2","0","0","0","1","39.8","02:12","10:51","004:23","0.0","0"
"VALTTERI PUUSTINEN","","R","23","PIT","1","0","0","0","0","23.7","01:06","10:14","001:06","0.0","0"
"ALEX STEEVES","","L","22","TOR","3","0","0","0","0","0.0","00:00","07:58","000:00","0.0","0"
"TOMAS NOSEK","","C","29","BOS","75","0","0","0","0","1.0","00:03","13:22","003:25","0.0","0"
"BRAYDEN PACHAL","","D","22","VGK","2","0","0","0","0","0.0","00:00","09:46","000:00","0.0","0"
"CURTIS LAZAR","","C","27","VAN","70","0","0","0","1","0.3","00:01","11:59","001:02","0.0","0"
"TRAVIS DERMOTT","","D","25","VAN","60","0","0","0","0","0.6","00:02","15:20","001:34","0.0","0"
"JARET ANDERSON-DOLAN","","C","22","L.A","7","0","0","0","0","8.4","00:20","13:47","002:23","0.0","0"
"JOEL HANLEY","","D","31","DAL","44","0","0","0","0","0.1","00:00","11:56","000:15","0.0","0"
"PARKER KELLY","","L","23","OTT","41","0","0","0","1","1.3","00:04","10:35","002:34","0.0","0"
"ZACHARY HAYES","","D","23","VGK","3","0","0","0","0","0.0","00:00","10:53","000:00","0.0","0"
"ALEXANDER TRUE","","C","25","SEA","8","0","0","0","0","0.5","00:01","08:15","000:09","0.0","0"
"ARTTU RUOTSALAINEN","","C","24","BUF","18","0","0","0","1","20.1","00:49","11:53","014:36","0.0","0"
"PATRICK BROWN","","C","30","PHI","44","0","0","0","0","1.2","00:04","12:26","002:36","0.0","0"
"ALEX VLASIC","","D","21","CHI","15","0","0","0","0","0.1","00:00","14:19","000:05","0.0","0"
"LEO KOMAROV","","R","35","","1","0","0","0","0","0.0","00:00","10:50","000:00","0.0","0"
"FILIP HALLANDER","","C","22","PIT","1","0","0","0","0","0.0","00:00","05:52","000:00","0.0","0"
"MARKUS NUTIVAARA","","D","28","S.J","1","0","0","0","0","0.0","00:00","07:01","000:00","0.0","0"
"TY DELLANDREA","","R","21","DAL","1","0","0","0","0","0.0","00:00","10:37","000:00","0.0","0"
"MARK BOROWIECKI","","D","33","NSH","57","0","0","0","0","0.1","00:00","13:07","000:20","0.0","0"
"DANNY DEKEYSER","","D","32","","59","0","0","0","1","1.6","00:05","18:30","004:42","0.0","0"
"ZAC DALPE","","C","32","FLA","1","0","0","0","0","0.0","00:00","06:08","000:00","0.0","0"
"DYLAN SIKURA","","L","27","CHI","5","0","0","0","0","7.1","00:20","09:57","001:42","0.0","0"
"TANNER LACZYNSKI","","C","25","PHI","1","0","0","0","0","0.0","00:00","09:27","000:00","0.0","0"
"JUUSO RIIKOLA","","D","28","","5","0","0","0","0","29.6","01:43","13:23","008:36","0.0","0"
"MITCHELL CHAFFEE","","R","24","MIN","2","0","0","0","0","0.0","00:00","07:27","000:00","0.0","0"
"KYLE RAU","","R","29","","5","0","0","0","0","0.0","00:00","08:49","000:00","0.0","0"
"COLE SCHWINDT","","C","21","FLA","3","0","0","0","0","0.1","00:00","14:08","000:01","0.0","0"
"GIVANI SMITH","","L","24","DET","46","0","0","0","0","0.0","00:00","08:28","000:02","0.0","0"
"BOKONDJI IMAMA","","L","25","ARI","4","0","0","0","0","0.0","00:00","04:31","000:00","0.0","0"
"KEVIN ROONEY","","C","29","CGY","61","0","0","0","1","2.0","00:05","13:51","005:17","0.0","0"
"HUNTER DREW","","D","23","ANA","2","0","0","0","0","0.0","00:00","09:52","000:00","0.0","0"
"GUILLAUME BRISEBOIS","","D","24","VAN","1","0","0","0","0","0.0","00:00","04:13","000:00","0.0","0"
"MAX MCCORMICK","","L","30","SEA","10","0","0","0","0","0.3","00:01","08:06","000:09","0.0","0"
"MARTIN FEHERVARY","","D","22","WSH","79","0","0","0","0","0.6","00:02","19:39","002:38","0.0","0"
"DAVID GUSTAFSSON","","C","22","WPG","2","0","0","0","0","0.0","00:00","02:28","000:00","0.0","0"
"MICHAEL PEZZETTA","","L","24","MTL","51","0","0","0","0","2.3","00:07","07:50","005:46","0.0","0"
"JORDAN HARRIS","","D","22","MTL","10","0","0","0","0","10.0","00:27","16:17","004:30","0.0","0"
"ERIK GUDBRANSON","","D","30","CBJ","78","0","0","0","2","1.8","00:05","18:08","006:25","0.0","0"
"GAVIN BAYREUTHER","","D","28","CBJ","43","0","0","0","0","0.9","00:02","13:03","001:32","0.0","0"
"RILEY NASH","","R","33","","49","0","0","0","3","10.0","00:29","11:26","023:17","0.0","0"
"NOEL ACCIARI","","L","30","STL","20","0","0","0","0","3.8","00:10","11:59","003:15","0.0","0"
"PIERRE-OLIVIER JOSEPH","","D","23","PIT","4","0","0","0","0","2.0","00:06","18:14","000:24","0.0","0"
"LOGAN STANLEY","","D","24","WPG","58","0","0","0","2","0.6","00:02","15:39","001:44","0.0","0"
"SETH GRIFFITH","","C","29","EDM","1","0","0","0","0","0.0","00:00","05:37","000:00","0.0","0"
"BRETT RITCHIE","","R","29","","41","0","0","0","0","1.2","00:04","09:43","002:30","0.0","0"
"CAM DINEEN","","D","24","ARI","34","0","0","0","0","5.6","00:14","15:38","008:03","0.0","0"
"KRISTIAN REICHEL","","C","24","WPG","13","0","0","0","0","0.1","00:00","10:24","000:03","0.0","0"
"NIKITA ZADOROV","","D","27","CGY","74","0","0","0","2","3.9","00:11","16:55","013:51","0.0","0"
"BRIAN BOYLE","","L","37","","66","0","0","0","2","1.6","00:05","10:47","005:08","0.0","0"
"FREDRIK CLAESSON","","D","29","","9","0","0","0","0","0.0","00:00","09:52","000:00","0.0","0"
"MARK FRIEDMAN","","D","26","PIT","26","0","0","0","0","0.6","00:02","13:17","000:54","0.0","0"
"ALEXANDER EDLER","","D","36","L.A","41","0","0","0","1","6.0","00:20","18:28","013:49","0.0","0"
"ANDREW COGLIANO","","L","35","COL","74","0","0","0","0","1.6","00:05","12:40","005:46","0.0","0"
"JEFFREY VIEL","","L","25","S.J","34","0","0","0","0","0.4","00:01","08:48","000:33","0.0","0"
"MARIO FERRARO","","D","23","S.J","63","0","0","0","3","12.6","00:31","23:00","032:50","0.0","0"
"MICHAEL RAFFL","","L","33","","76","0","0","0","1","2.6","00:08","14:32","009:37","0.0","0"
"MARCUS PETTERSSON","","D","26","PIT","72","0","0","0","2","5.7","00:16","15:39","019:43","0.0","0"
"TYCE THOMPSON","","R","23","N.J","2","0","0","0","0","2.6","00:08","14:25","000:15","0.0","0"
"RILEY STILLMAN","","D","24","CHI","52","0","0","0","0","0.4","00:01","15:04","001:10","0.0","0"
"A.J. GREER","","L","25","BOS","9","0","0","0","0","0.2","00:01","07:51","000:06","0.0","0"
"JULIEN GAUTHIER","","R","24","NYR","49","0","0","0","3","10.2","00:25","10:18","020:31","0.0","0"
"MATHIEU OLIVIER","","R","25","CBJ","10","0","0","0","0","0.6","00:02","10:06","000:15","0.0","0"
"JAKE LESCHYSHYN","","C","23","VGK","41","0","0","0","0","0.6","00:02","11:18","001:06","0.0","0"
"JOHNATHAN KOVACEVIC","","D","25","WPG","4","0","0","0","0","0.0","00:00","10:49","000:00","0.0","0"
"RADIM SIMEK","","D","29","S.J","36","0","0","0","0","2.3","00:06","13:16","003:52","0.0","0"
"IAN COLE","","D","33","T.B","75","0","0","0","0","0.7","00:02","17:09","002:27","0.0","0"
"ERIK CERNAK","","D","25","T.B","55","0","0","0","0","2.0","00:06","19:09","005:36","0.0","0"
"JOSH LEIVO","","R","29","STL","7","0","0","0","0","0.1","00:00","09:14","000:01","0.0","0"
"JACK JOHNSON","","D","35","","74","0","0","0","0","0.7","00:02","16:44","002:43","0.0","0"
"SEAN DAY","","D","24","T.B","2","0","0","0","0","0.0","00:00","10:43","000:00","0.0","0"
"STEVEN LORENTZ","","R","26","S.J","67","0","0","0","0","0.6","00:02","10:53","001:41","0.0","0"
"MATHIEU JOSEPH","","R","25","OTT","69","0","0","0","0","2.9","00:09","14:12","010:23","0.0","0"
"RILEY TUFTE","","L","24","DAL","10","0","0","0","0","1.6","00:05","07:12","000:50","0.0","0"
"ETHAN PROW","","D","29","","4","0","0","0","0","0.0","00:00","12:44","000:00","0.0","0"
"BLAKE COLEMAN","","R","30","CGY","81","0","0","0","2","6.5","00:18","14:49","024:49","0.0","0"
"COLIN BLACKWELL","","C","29","CHI","58","0","0","0","4","7.0","00:20","11:56","019:45","0.0","0"
"MICHAEL MCLEOD","","C","24","N.J","77","0","0","0","1","4.5","00:12","13:19","015:48","0.0","0"
"DMITRI SAMORUKOV","","D","23","EDM","1","0","0","0","0","0.0","00:00","02:28","000:00","0.0","0"
"LUKE SCHENN","","D","32","VAN","66","0","0","0","1","1.0","00:03","17:12","003:17","0.0","0"
"DEREK STEPAN","","R","32","","58","0","0","0","0","0.6","00:02","10:48","001:38","0.0","0"
"MARIAN STUDENIC","","R","23","DAL","33","0","0","0","0","3.6","00:10","11:09","005:30","0.0","0"
"BRANDON BADDOCK","","L","27","MIN","1","0","0","0","0","9.1","00:52","08:24","000:52","0.0","0"
"KEVIN CONNAUTON","","D","32","PHI","39","0","0","0","0","0.6","00:02","13:05","001:09","0.0","0"
"MASON APPLETON","","R","26","WPG","68","0","0","0","3","11.5","00:32","14:53","035:49","0.0","0"
"COLTON WHITE","","D","25","ANA","27","0","0","0","0","0.3","00:01","13:15","000:21","0.0","0"
"ALEX BIEGA","","D","34","","2","0","0","0","0","0.0","00:00","13:07","000:00","0.0","0"
"CASEY CIZIKAS","","C","31","NYI","74","0","0","0","0","1.8","00:04","13:45","005:30","0.0","0"
"MATTIAS NORLINDER","","D","22","MTL","6","0","0","0","0","7.3","00:19","12:18","001:53","0.0","0"
"BRYCE KINDOPP","","R","23","ANA","1","0","0","0","0","0.0","00:00","06:06","000:00","0.0","0"
"MIKHAIL MALTSEV","","C","24","COL","18","0","0","0","1","7.4","00:25","08:04","007:34","0.0","0"
"ROSS JOHNSTON","","R","28","NYI","32","0","0","0","0","0.8","00:02","10:16","001:07","0.0","0"
"JAKE CHRISTIANSEN","","D","22","CBJ","8","0","0","0","0","0.6","00:02","09:46","000:17","0.0","0"
"MATT MARTIN","","L","33","NYI","71","0","0","0","0","2.0","00:05","11:26","006:02","0.0","0"
"ANDY ANDREOFF","","L","31","NYI","6","0","0","0","0","0.0","00:00","09:59","000:00","0.0","0"
"KYLE TURRIS","","R","32","","23","0","0","0","0","10.7","00:26","08:37","009:51","0.0","0"
"NATHAN BEAULIEU","","D","29","","24","0","0","0","0","1.0","00:03","10:46","001:08","0.0","0"
"PHILIP BROBERG","","D","21","EDM","23","0","0","0","0","7.0","00:24","13:28","009:06","0.0","0"
"NATE THOMPSON","","C","37","","33","0","0","0","0","1.6","00:05","11:58","002:51","0.0","0"
"JASON DICKINSON","","L","27","VAN","62","0","0","0","0","1.8","00:06","13:03","005:53","0.0","0"
"DAKOTA MERMIS","","D","28","MIN","2","0","0","0","0","0.0","00:00","13:54","000:00","0.0","0"
"PAVEL DOROFEYEV","","L","21","VGK","2","0","0","0","0","0.0","00:00","06:30","000:00","0.0","0"
"MAX JONES","","L","24","ANA","2","0","0","0","0","0.2","00:01","09:54","000:01","0.0","0"
"JACOB PERREAULT","","R","20","ANA","1","0","0","0","0","23.6","00:55","11:05","000:55","0.0","0"
"THOMAS HICKEY","","D","33","","2","0","0","0","0","1.4","00:07","19:29","000:13","0.0","0"
"JUHO LAMMIKKO","","C","26","","75","0","0","0","0","2.3","00:07","12:16","008:17","0.0","0"
"ADAM RASKA","","R","20","S.J","5","0","0","0","0","0.0","00:00","08:03","000:00","0.0","0"
"MICHAEL SGARBOSSA","","C","29","WSH","10","0","0","0","0","15.1","00:45","09:54","007:25","0.0","0"
"DECLAN CHISHOLM","","D","22","WPG","2","0","0","0","0","0.0","00:00","12:57","000:00","0.0","0"
"DYSIN MAYO","","D","25","ARI","67","0","0","0","0","1.4","00:04","20:55","004:07","0.0","0"
"WYATT KALYNUK","","D","25","VAN","5","0","0","0","0","0.2","00:00","12:00","000:02","0.0","0"
"LIAM FOUDY","","C","22","CBJ","1","0","0","0","0","0.0","00:00","11:51","000:00","0.0","0"
"TYLER BENSON","","L","24","EDM","29","0","0","0","0","3.4","00:09","08:33","004:24","0.0","0"
"MATT TENNYSON","","D","32","","8","0","0","0","0","0.3","00:01","12:55","000:07","0.0","0"
"VLADISLAV GAVRIKOV","","D","26","CBJ","80","0","0","0","0","1.9","00:05","22:18","006:55","0.0","0"
"MAXIME LAJOIE","","D","24","CAR","5","0","0","0","0","27.6","01:10","12:32","005:50","0.0","0"
"ROBERT HAGG","","D","27","","64","0","0","0","0","0.7","00:02","16:01","002:07","0.0","0"
"CALE FLEURY","","D","23","SEA","9","0","0","0","0","0.4","00:01","14:34","000:12","0.0","0"
"OSKAR STEEN","","R","24","BOS","20","0","0","0","0","5.2","00:14","11:04","004:38","0.0","0"
"BRETT KULAK","","D","28","EDM","74","0","0","0","0","1.5","00:04","17:45","005:18","0.0","0"
"MARK JANKOWSKI","","C","27","NSH","19","0","0","0","0","1.4","00:05","13:39","001:26","0.0","0"
"NICHOLAS ROBERTSON","","L","20","TOR","10","0","0","0","1","16.1","00:29","10:16","004:49","0.0","0"
"REESE JOHNSON","","C","24","CHI","37","0","0","0","0","0.2","00:01","10:38","000:29","0.0","0"
"ERIC ROBINSON","","L","27","CBJ","67","0","0","0","0","0.7","00:02","13:54","002:03","0.0","0"
"MATT IRWIN","","D","34","WSH","17","0","0","0","0","0.4","00:01","12:39","000:20","0.0","0"
"AUSTIN STRAND","","D","25","ANA","8","0","0","0","0","0.5","00:02","15:17","000:13","0.0","0"
"KRISTIANS RUBINS","","D","24","OTT","3","0","0","0","0","0.0","00:00","11:45","000:00","0.0","0"
"JOSH BROWN","","D","28","ARI","52","0","0","0","0","0.4","00:01","14:13","001:00","0.0","0"
"SHELDON REMPAL","","R","26","VGK","1","0","0","0","0","0.0","00:00","09:11","000:00","0.0","0"
"SAM CARRICK","","R","30","ANA","64","0","0","0","1","3.2","00:09","11:28","009:36","0.0","0"
"NATHAN WALKER","","R","28","STL","30","0","0","0","0","0.2","00:01","11:33","000:15","0.0","0"
"JEFF MALOTT","","L","25","WPG","1","0","0","0","0","0.0","00:00","04:06","000:00","0.0","0"
"CODY GLASS","","C","23","NSH","8","0","0","0","1","35.5","01:53","11:25","015:06","0.0","0"
"DAVID KAMPF","","C","27","TOR","82","0","0","0","0","1.7","00:04","15:16","006:03","0.0","0"
"MATTHEW PECA","","C","29","STL","5","0","0","0","0","0.1","00:00","09:38","000:01","0.0","0"
"MILES WOOD","","L","26","N.J","3","0","0","0","0","27.4","01:16","14:46","003:49","0.0","0"
"DAKOTA JOSHUA","","L","26","VAN","30","0","0","0","1","1.0","00:03","08:30","001:22","0.0","0"
"JAKE MUZZIN","","D","33","TOR","47","0","0","0","2","5.7","00:15","20:44","011:34","0.0","0"
"LUKAS REICHEL","","L","20","CHI","11","0","0","0","5","28.2","01:31","13:12","016:42","0.0","0"
"CARTER ROWNEY","","C","33","","26","0","0","0","0","0.4","00:01","10:40","000:27","0.0","0"
"CARSON MEYER","","R","24","CBJ","13","0","0","0","0","0.1","00:00","08:14","000:05","0.0","0"
"JON LIZOTTE","","D","27","","1","0","0","0","0","0.0","00:00","14:43","000:00","0.0","0"
"RILEY DAMIANI","","C","22","DAL","7","0","0","0","0","11.2","00:29","08:32","003:26","0.0","0"
"SCOTT HARRINGTON","","D","29","","7","0","0","0","0","0.5","00:02","14:26","000:11","0.0","0"
"OWEN POWER","","D","19","BUF","8","0","0","0","1","17.4","00:58","22:05","007:43","0.0","0"
"DYLAN GAMBRELL","","C","25","OTT","63","0","0","0","2","2.3","00:07","12:08","006:59","0.0","0"
"SAMMY BLAIS","","R","26","NYR","14","0","0","0","2","23.2","01:09","13:28","016:08","0.0","0"
"JUSTIN BARRON","","D","20","MTL","7","0","0","0","0","14.8","00:54","17:11","006:15","0.0","0"
"STEFAN MATTEAU","","C","28","","1","0","0","0","0","0.0","00:00","03:39","000:00","0.0","0"
"NATHAN SMITH","","C","23","ARI","10","0","0","0","0","37.3","01:38","14:09","016:22","0.0","0"
"DRYDEN HUNT","","L","26","NYR","76","0","0","0","0","4.7","00:12","12:17","014:56","0.0","0"
"BRETT CONNOLLY","","R","30","","9","0","0","0","0","14.4","00:40","08:24","006:04","0.0","0"
"GUSTAV LINDSTROM","","D","23","DET","63","0","0","0","0","1.0","00:03","16:07","002:56","0.0","0"
"ADAM BECKMAN","","L","21","MIN","3","0","0","0","0","18.0","00:46","10:25","002:18","0.0","0"
"BENOIT-OLIVIER GROULX","","C","22","ANA","18","0","0","0","0","1.7","00:05","11:00","001:32","0.0","0"
"RYAN LINDGREN","","D","24","NYR","78","0","0","0","0","1.6","00:04","20:06","005:20","0.0","0"
"GRIGORI DENISENKO","","L","22","FLA","1","0","0","0","0","12.7","01:01","15:30","001:01","0.0","0"
"FREDRIK KARLSTROM","","C","24","DAL","3","0","0","0","0","5.3","00:11","06:12","000:32","0.0","0"
"SANTERI HATAKKA","","D","21","S.J","9","0","0","0","0","0.6","00:01","12:38","000:10","0.0","0"
"JOSH MANSON","","D","30","COL","67","0","0","0","0","0.7","00:02","18:59","002:10","0.0","0"
"RYAN REAVES","","R","35","NYR","69","0","0","0","0","1.9","00:05","10:39","005:40","0.0","0"
"STEFAN NOESEN","","R","29","CAR","2","0","0","0","0","25.2","01:11","14:20","002:22","0.0","0"
"REILLY WALSH","","D","23","N.J","1","0","0","0","0","24.6","00:59","14:23","000:59","0.0","0"
"JAYDEN HALBGEWACHS","","L","25","","3","0","0","0","0","13.7","00:44","12:50","002:13","0.0","0"
"KOLE SHERWOOD","","R","25","","1","0","0","0","0","0.0","00:00","08:08","000:00","0.0","0"
"RADKO GUDAS","","D","32","FLA","77","0","0","0","0","0.7","00:02","18:01","002:46","0.0","0"
"ALEX BELZILE","","R","30","MTL","11","0","0","0","1","17.5","00:55","10:24","010:07","0.0","0"
"NICK JENSEN","","D","31","WSH","76","0","0","0","0","0.8","00:03","19:21","003:12","0.0","0"
"JOEL EDMUNDSON","","D","29","MTL","24","0","0","0","0","1.7","00:05","19:35","001:53","0.0","0"
"GLENN GAWDIN","","C","25","ANA","2","0","0","0","0","0.0","00:00","09:15","000:00","0.0","0"
"RYAN LOMBERG","","L","27","FLA","55","0","0","0","2","0.2","00:01","11:25","000:29","0.0","0"
"TRAVIS HAMONIC","","D","31","OTT","43","0","0","0","0","1.0","00:03","18:51","002:17","0.0","0"
"C.J. SMITH","","L","27","","1","0","0","0","0","0.0","00:00","09:22","000:00","0.0","0"
"CHASE PRISKIE","","D","26","BUF","4","0","0","0","0","3.6","00:14","14:00","000:56","0.0","0"
"BRENDAN GAUNCE","","C","28","CBJ","30","0","0","0","0","0.1","00:00","08:06","000:07","0.0","0"
"NICOLAS BEAUDIN","","D","22","CHI","2","0","0","0","0","0.0","00:00","06:10","000:00","0.0","0"
"KRISTIAN VESALAINEN","","L","23","WPG","53","0","0","0","1","1.3","00:04","08:40","003:37","0.0","0"
"JUUSO VALIMAKI","","D","23","CGY","9","0","0","0","0","2.5","00:07","15:42","001:02","0.0","0"
"LUKE GLENDENING","","R","33","DAL","82","0","0","0","1","0.8","00:02","14:07","003:00","0.0","0"
"TEDDY BLUEGER","","C","27","PIT","65","0","0","0","0","1.7","00:05","15:01","005:15","0.0","0"
"TOBIAS BJORNFOT","","D","21","L.A","70","0","0","0","0","1.6","00:05","16:46","005:39","0.0","0"
"BRIAN DUMOULIN","","D","30","PIT","76","0","0","0","0","1.5","00:04","21:49","005:32","0.0","0"
"KEVIN STENLUND","","R","25","WPG","3","0","0","0","0","0.0","00:00","07:32","000:00","0.0","0"
"CLARK BISHOP","","L","26","OTT","9","0","0","0","0","0.2","00:00","08:21","000:04","0.0","0"
"SAM LAFFERTY","","C","27","CHI","56","0","0","0","0","0.9","00:03","13:34","002:28","0.0","0"
"AXEL JONSSON-FJALLBY","","L","24","WSH","23","0","0","0","0","0.8","00:02","11:11","000:52","0.0","0"
"VILLE HEINOLA","","D","21","WPG","12","0","0","0","3","13.8","00:41","14:54","008:13","0.0","0"
"DREW O'CONNOR","","L","24","PIT","22","0","0","0","2","20.1","00:52","10:17","018:53","0.0","0"
"CONNOR MURPHY","","D","29","CHI","57","0","0","0","0","1.2","00:04","21:46","003:39","0.0","0"
"RADIM ZOHORNA","","L","26","PIT","17","0","0","0","1","10.1","00:31","10:20","008:45","0.0","0"
"LANE PEDERSON","","C","24","CAR","29","0","0","0","1","14.0","00:35","10:31","017:05","0.0","0"
"ZACH BOGOSIAN","","D","32","T.B","48","0","0","0","0","0.7","00:02","15:22","001:42","0.0","0"
"LUKAS VEJDEMO","","C","26","","6","0","0","0","1","3.0","00:10","10:38","001:01","0.0","0"
"JACOB BERNARD-DOCKER","","D","22","OTT","8","0","0","0","0","0.3","00:01","14:46","000:07","0.0","0"
"JJ PETERKA","","R","20","BUF","2","0","0","0","0","37.2","00:53","16:08","001:45","0.0","0"
"JOSH MAHURA","","D","24","ANA","38","0","0","0","0","0.8","00:02","14:04","001:31","0.0","0"
"BEN HUTTON","","D","29","VGK","58","0","0","0","0","0.5","00:01","15:28","001:22","0.0","0"
"ALEXANDER ALEXEYEV","","D","22","WSH","1","0","0","0","0","0.0","00:00","10:35","000:00","0.0","0"
"TYLER MOTTE","","L","27","","58","0","0","0","0","2.7","00:07","14:01","006:49","0.0","0"
"JONAS SIEGENTHALER","","D","25","N.J","70","0","0","0","0","0.9","00:02","20:34","002:53","0.0","0"
"MICHAEL DAL COLLE","","L","26","","1","0","0","0","0","30.1","00:50","14:34","000:50","0.0","0"
"JAN JENIK","","R","21","ARI","13","0","0","0","3","14.6","00:33","10:41","007:11","0.0","0"
"JIMMY VESEY","","L","29","","68","0","0","0","0","5.9","00:17","14:26","018:47","0.0","0"
"AUSTIN POGANSKI","","R","26","SEA","16","0","0","0","0","0.8","00:02","09:19","000:33","0.0","0"
"ZDENO CHARA","","D","45","","72","0","0","0","0","1.3","00:03","18:44","004:05","0.0","0"
"NICOLAS AUBE-KUBEL","","R","26","TOR","74","0","0","0","2","0.6","00:02","09:49","002:12","0.0","0"
"KASPER BJORKQVIST","","R","25","PIT","6","0","0","0","0","0.0","00:00","08:22","000:00","0.0","0"
"ANDY GREENE","","D","39","","69","0","0","0","0","0.7","00:02","17:24","002:04","0.0","0"
"COLE REINHARDT","","L","22","OTT","1","0","0","0","0","0.0","00:00","08:35","000:00","0.0","0"
"BRENDAN PERLINI","","L","26","","23","0","0","0","0","2.4","00:06","08:22","002:29","0.0","0"
"RYAN MACINNIS","","C","26","","1","0","0","0","0","0.0","00:00","10:00","000:00","0.0","0"
"JEREMY LAUZON","","D","25","NSH","66","0","0","0","0","0.7","00:02","17:41","002:18","0.0","0"
"COLTON SCEVIOUR","","C","33","","35","0","0","0","1","0.2","00:00","09:28","000:17","0.0","0"
"BRAYDEN TRACEY","","L","21","ANA","1","0","0","0","0","0.0","00:00","09:21","000:00","0.0","0"
"ADAM PELECH","","D","27","NYI","78","0","0","0","0","4.6","00:11","21:17","014:28","0.0","0"
"RILEY SHEAHAN","","L","30","","69","0","0","0","0","0.6","00:02","12:03","002:03","0.0","0"
"NICK SEELER","","D","29","PHI","43","0","0","0","0","1.1","00:03","13:04","002:28","0.0","0"
"ZACK MACEWEN","","R","26","PHI","75","0","0","0","0","2.9","00:09","09:40","011:12","0.0","0"
"DENNIS CHOLOWSKI","","D","24","","11","0","0","0","0","19.2","01:01","15:49","011:09","0.0","0"
"CHASE DELEO","","C","26","ANA","2","0","0","0","0","0.0","00:00","08:09","000:00","0.0","0"
"BRANDON DUHAIME","","R","25","MIN","80","0","0","0","1","0.6","00:02","10:13","002:16","0.0","0"
"ANTHONY ANGELLO","","R","26","STL","4","0","0","0","0","0.0","00:00","06:38","000:00","0.0","0"
"FREDERIK GAUTHIER","","C","27","","8","0","0","0","0","0.0","00:00","11:06","000:00","0.0","0"
"BRAYDEN MCNABB","","D","31","VGK","69","0","0","0","0","0.5","00:01","19:42","001:26","0.0","0"
"BECK MALENSTYN","","L","24","WSH","12","0","0","0","0","0.0","00:00","09:03","000:00","0.0","0"
"TYLER LEWINGTON","","D","27","","2","0","0","0","0","0.0","00:00","12:27","000:00","0.0","0"
"ANTOINE ROUSSEL","","L","32","","53","0","0","0","0","0.8","00:02","12:08","001:49","0.0","0"
"CONNOR BUNNAMAN","","C","24","FLA","15","0","0","0","0","1.1","00:04","10:01","001:02","0.0","0"
"JACK RATHBONE","","D","23","VAN","9","0","0","0","0","8.8","00:31","13:50","004:41","0.0","0"
"ANTHONY GRECO","","R","28","","1","0","0","0","0","0.0","00:00","09:44","000:00","0.0","0"
"JOHN HAYDEN","","R","27","SEA","55","0","0","0","0","1.0","00:03","10:50","002:28","0.0","0"
"CONOR TIMMINS","","D","23","ARI","6","0","0","0","0","16.0","00:47","17:45","004:43","0.0","0"
"ZACH WHITECLOUD","","D","25","VGK","59","0","0","0","0","1.6","00:04","18:48","004:16","0.0","0"
"JEREMY DAVIES","","D","25","BUF","6","0","0","0","0","5.1","00:12","12:15","001:11","0.0","0"
"JALEN CHATFIELD","","D","26","CAR","16","0","0","0","0","0.2","00:01","14:47","000:10","0.0","0"
"LINUS SANDIN","","R","26","PHI","1","0","0","0","0","15.0","00:18","06:59","000:18","0.0","0"
"DEAN KUKAN","","D","29","","41","0","0","0","2","7.9","00:23","16:18","015:45","0.0","0"
"MARKUS NIEMELAINEN","","D","24","EDM","20","0","0","0","0","0.0","00:00","13:12","000:03","0.0","0"
"TURNER ELSON","","L","29","NYR","2","0","0","0","0","1.0","00:03","13:23","000:06","0.0","0"
"JONAH GADJOVICH","","L","23","S.J","43","0","0","0","0","0.1","00:00","08:45","000:17","0.0","0"
"ANDREW PEEKE","","D","24","CBJ","82","0","0","0","0","1.3","00:04","21:28","005:05","0.0","0"
"AUSTIN CZARNIK","","R","29","DET","17","0","0","0","0","14.6","00:37","10:54","010:32","0.0","0"
"MARK PYSYK","","D","30","DET","68","0","0","0","0","1.0","00:03","17:48","003:08","0.0","0"
"PETTERI LINDBOHM","","D","28","","9","0","0","0","0","0.0","00:00","14:03","000:00","0.0","0"
"GABRIEL CARLSSON","","D","25","","38","0","0","0","0","0.5","00:02","12:16","001:03","0.0","0"
"ALEXANDRE TEXIER","","R","22","CBJ","36","0","0","0","0","1.7","00:04","14:36","002:38","0.0","0"
"BUDDY ROBINSON","","R","30","","32","0","0","0","0","0.2","00:01","09:15","000:18","0.0","0"
"JOSH ARCHIBALD","","R","29","PIT","8","0","0","0","0","2.0","00:06","09:03","000:45","0.0","0"
"SIMON BENOIT","","D","23","ANA","53","0","0","0","0","0.2","00:00","14:05","000:26","0.0","0"
"JESSE YLONEN","","R","22","MTL","14","0","0","0","2","28.9","01:16","11:34","017:37","0.0","0"
"ALEX FORMENTON","","L","22","OTT","79","0","0","0","7","17.7","00:51","15:27","067:29","0.0","0"
"MIKE VECCHIONE","","R","29","WSH","1","0","0","0","0","0.0","00:00","05:06","000:00","0.0","0"
"JUSTIN HOLL","","D","30","TOR","69","0","0","0","0","1.6","00:04","20:13","004:54","0.0","0"
"OLLI JUOLEVI","","D","24","","18","0","0","0","0","0.6","00:02","12:45","000:33","0.0","0"
"LIAM O'BRIEN","","L","27","ARI","39","0","0","0","1","2.2","00:06","09:29","003:40","0.0","0"
"HAYDEN HODGSON","","R","26","PHI","6","0","0","0","0","11.3","00:33","13:12","003:17","0.0","0"
"JACOB MACDONALD","","D","29","COL","8","0","0","0","0","6.7","00:25","10:06","003:22","0.0","0"
"ALEC REGULA","","D","21","CHI","15","0","0","0","4","14.4","00:50","17:53","012:32","0.0","0"
"GREG MCKEGG","","L","30","EDM","43","0","0","0","0","0.9","00:02","10:52","001:45","0.0","0"
"LOGAN SHAW","","R","29","","17","0","0","0","0","0.8","00:02","09:23","000:42","0.0","0"
"RONNIE ATTARD","","D","23","PHI","15","0","0","0","3","16.3","00:54","16:36","013:30","0.0","0"
"PHILIPPE MYERS","","D","25","T.B","27","0","0","0","1","0.4","00:01","14:53","000:32","0.0","0"
"KEVIN BAHL","","D","22","N.J","17","0","0","0","0","2.4","00:07","15:45","002:00","0.0","0"
"BORIS KATCHOUK","","L","24","CHI","59","0","0","0","0","0.7","00:02","09:56","002:13","0.0","0"
"ARTEM ZUB","","D","26","OTT","81","0","0","0","4","5.9","00:17","21:02","023:13","0.0","0"
"MICHAEL EYSSIMONT","","C","25","WPG","1","0","0","0","0","0.0","00:00","05:49","000:00","0.0","0"
"ISAAK PHILLIPS","","D","20","CHI","4","0","0","0","0","0.1","00:01","12:20","000:02","0.0","0"
"YAKOV TRENIN","","L","25","NSH","80","0","0","0","0","3.7","00:11","14:40","014:31","0.0","0"
"KURTIS MACDERMID","","D","28","COL","58","0","0","0","0","0.0","00:00","07:24","000:00","0.0","0"
"JACK MCBAIN","","C","22","ARI","10","0","0","0","2","13.0","00:34","14:11","005:42","0.0","0"
"JOE VELENO","","C","22","DET","66","0","0","0","4","8.9","00:24","13:13","026:28","0.0","0"
"NICOLAS DESLAURIERS","","L","31","PHI","81","0","0","0","1","0.5","00:02","11:21","002:10","0.0","0"
"BARCLAY GOODROW","","C","29","NYR","79","0","0","0","7","14.1","00:36","16:43","047:03","0.0","0"
"NOAH JUULSEN","","D","25","VAN","8","0","0","0","0","0.0","00:00","14:42","000:01","0.0","0"
"ROBERT BORTUZZO","","D","33","STL","73","0","0","0","0","0.2","00:01","13:44","000:39","0.0","0"
"BEN MEYERS","","C","23","COL","5","0","0","0","0","4.0","00:13","09:57","001:03","0.0","0"
"CALEN ADDISON","","D","22","MIN","15","0","0","0","1","31.0","01:31","13:47","022:52","0.0","0"
"JACKSON CATES","","C","24","PHI","11","0","0","0","0","0.6","00:02","09:05","000:19","0.0","0"
"NIKITA OKHOTIUK","","D","21","N.J","5","0","0","0","0","0.8","00:02","15:13","000:10","0.0","0"
"ISAC LUNDESTROM","","C","22","ANA","80","0","0","0","2","10.0","00:27","15:29","035:32","0.0","0"
"JACK DRURY","","C","22","CAR","2","0","0","0","0","0.0","00:00","15:58","000:00","0.0","0"
"MITCHELL STEPHENS","","C","25","MTL","27","0","0","0","0","0.1","00:00","11:11","000:05","0.0","0"
"BRANDON BIRO","","L","24","BUF","1","0","0","0","0","44.6","01:47","13:30","001:47","0.0","0"
"NICOLAS MELOCHE","","D","25","CGY","50","0","0","0","0","2.7","00:07","16:52","005:48","0.0","0"
"JARRED TINORDI","","D","30","NYR","7","0","0","0","0","2.0","00:06","12:55","000:41","0.0","0"
"COLE SMITH","","L","26","NSH","8","0","0","0","0","0.3","00:01","08:50","000:10","0.0","0"
"MARCO SCANDELLA","","D","32","STL","70","0","0","0","0","0.4","00:01","18:09","001:22","0.0","0"
"VIKTOR LODIN","","C","23","OTT","1","0","0","0","1","21.1","01:34","10:25","001:34","0.0","0"
"KURTIS GABRIEL","","R","29","","2","0","0","0","0","0.0","00:00","06:02","000:00","0.0","0"
"GUSTAV FORSLING","","D","26","FLA","71","0","0","0","0","3.6","00:11","21:13","012:42","0.0","0"
"BRENDEN DILLON","","D","31","WPG","79","0","0","0","0","0.9","00:03","18:50","003:23","0.0","0"
"GARNET HATHAWAY","","R","30","WSH","76","0","0","0","1","3.0","00:09","13:23","011:50","0.0","0"
"MARC MCLAUGHLIN","","R","22","BOS","11","0","0","0","1","3.4","00:09","10:24","001:42","0.0","0"
"MATT KIERSTED","","D","24","FLA","10","0","0","0","0","0.3","00:01","14:03","000:10","0.0","0"
"THOMAS HARLEY","","D","20","DAL","34","0","0","0","0","0.6","00:02","13:41","001:01","0.0","0"
"MAXIM MAMIN","","C","27","","40","0","0","0","0","1.8","00:05","11:54","003:32","0.0","0"
"TREY FIX-WOLANSKY","","R","23","CBJ","6","0","0","0","0","0.0","00:00","06:15","000:00","0.0","0"
"ARTEMI KNIAZEV","","D","21","S.J","1","0","0","0","0","0.0","00:00","11:59","000:00","0.0","0"
"EVGENY SVECHNIKOV","","R","25","","72","0","0","0","0","0.4","00:01","10:45","001:24","0.0","0"
"CALVIN DE HAAN","","D","31","","69","0","0","0","1","1.7","00:05","18:57","005:43","0.0","0"
"MATTIAS SAMUELSSON","","D","22","BUF","42","0","0","0","0","1.6","00:05","20:00","003:14","0.0","0"
"SLATER KOEKKOEK","","D","28","EDM","19","0","0","0","0","0.2","00:00","11:10","000:09","0.0","0"